frame,A_wallMilliseconds,B_wallMilliseconds,A_shadowGpuMilliseconds,B_shadowGpuMilliseconds,A_shadowCpuMilliseconds,B_shadowCpuMilliseconds,A_updatedLights,B_updatedLights,A_pointSubmissions,B_pointSubmissions,A_lightCacheHits,B_lightCacheHits
0,4.1438,3.9506,1.105248,0.591904,0.3457,0.1977,3.0,1.0,6.0,6.0,0.0,2.0
1,4.1611,4.0768,0.770176,0.62416,0.3534,0.1971,3.0,1.0,6.0,6.0,0.0,2.0
2,4.3409,4.3465,0.770272,0.592448,0.3433,0.2065,3.0,1.0,6.0,6.0,0.0,2.0
3,3.9928,4.2398,0.755808,0.59296,0.3355,0.271,3.0,1.0,6.0,6.0,0.0,2.0
4,3.9074,4.537,0.75968,0.592768,0.3331,0.201,3.0,1.0,6.0,6.0,0.0,2.0
5,4.2447,4.342,0.771136,0.594432,0.345,0.208,3.0,1.0,6.0,6.0,0.0,2.0
6,4.511,4.0917,0.759616,0.59984,0.3277,0.2067,3.0,1.0,6.0,6.0,0.0,2.0
7,4.3502,4.0368,0.756032,0.621824,0.3399,0.1999,3.0,1.0,6.0,6.0,0.0,2.0
8,4.2035,4.4478,0.761344,0.59552,0.3474,0.2116,3.0,1.0,6.0,6.0,0.0,2.0
9,4.2759,4.1263,0.765984,0.595136,0.3364,0.2066,3.0,1.0,6.0,6.0,0.0,2.0
10,4.2946,3.7981,0.758304,0.594912,0.345,0.2026,3.0,1.0,6.0,6.0,0.0,2.0
11,4.3288,4.7507,0.763392,0.599296,0.3322,0.2102,3.0,1.0,6.0,6.0,0.0,2.0
12,4.3031,4.4439,0.763552,0.601568,0.346,0.2119,3.0,1.0,6.0,6.0,0.0,2.0
13,4.3835,3.9557,0.770656,0.6192,0.3427,0.2027,3.0,1.0,6.0,6.0,0.0,2.0
14,4.4285,3.898,0.766944,0.736032,0.3422,0.2065,3.0,1.0,6.0,6.0,0.0,2.0
15,4.283,3.9894,0.761568,0.598688,0.3395,0.204,3.0,1.0,6.0,6.0,0.0,2.0
16,4.6903,4.096,0.761664,0.598752,0.334,0.2155,3.0,1.0,6.0,6.0,0.0,2.0
17,4.264,4.0991,0.773728,0.598848,0.3395,0.2083,3.0,1.0,6.0,6.0,0.0,2.0
18,4.5893,3.7611,0.763488,0.606016,0.3355,0.2068,3.0,1.0,6.0,6.0,0.0,2.0
19,4.6306,4.1139,0.768832,0.62912,0.3448,0.2149,3.0,1.0,6.0,6.0,0.0,2.0
20,4.5392,4.0868,0.76656,0.602784,0.3415,0.2156,3.0,1.0,6.0,6.0,0.0,2.0
21,4.4348,4.1251,0.77776,0.602624,0.3369,0.2132,3.0,1.0,6.0,6.0,0.0,2.0
22,4.3487,4.4075,0.767392,0.604928,0.3426,0.2107,3.0,1.0,6.0,6.0,0.0,2.0
23,4.3227,4.2383,0.770496,0.6072,0.3378,0.2077,3.0,1.0,6.0,6.0,0.0,2.0
24,4.5497,4.0963,0.770144,0.610208,0.3592,0.2174,3.0,1.0,6.0,6.0,0.0,2.0
25,4.2787,4.1761,0.776512,0.636416,0.3443,0.2143,3.0,1.0,6.0,6.0,0.0,2.0
26,5.0085,4.2738,0.775904,0.606656,0.3511,0.2112,3.0,1.0,6.0,6.0,0.0,2.0
27,4.2087,4.3058,0.77712,0.611744,0.3485,0.2096,3.0,1.0,6.0,6.0,0.0,2.0
28,4.1606,3.9467,0.773792,0.609856,0.3468,0.2059,3.0,1.0,6.0,6.0,0.0,2.0
29,4.3345,4.2453,0.799872,0.614144,0.3329,0.2085,3.0,1.0,6.0,6.0,0.0,2.0
30,4.2811,4.1572,0.774496,0.619968,0.3394,0.2007,3.0,1.0,6.0,6.0,0.0,2.0
31,4.1677,4.5105,0.777472,0.63776,0.3423,0.21,3.0,1.0,6.0,6.0,0.0,2.0
32,4.3492,3.916,0.778592,0.618016,0.3414,0.2078,3.0,1.0,6.0,6.0,0.0,2.0
33,4.235,3.6732,0.807392,0.6176,0.3353,0.2004,3.0,1.0,6.0,6.0,0.0,2.0
34,3.9762,3.8819,0.784736,0.618976,0.3308,0.1996,3.0,1.0,6.0,6.0,0.0,2.0
35,3.8794,4.5933,0.78208,0.61952,0.3293,0.2058,3.0,1.0,6.0,6.0,0.0,2.0
36,4.0644,3.8228,0.781664,0.625632,0.3351,0.2078,3.0,1.0,6.0,6.0,0.0,2.0
37,3.7656,3.649,0.794944,0.642272,0.3404,0.1962,3.0,1.0,6.0,6.0,0.0,2.0
38,3.9857,3.6581,0.785088,0.621248,0.3335,0.1992,3.0,1.0,6.0,6.0,0.0,2.0
39,3.9597,3.8001,0.789568,0.620832,0.3181,0.2034,3.0,1.0,6.0,6.0,0.0,2.0
40,3.9167,3.5874,0.78608,0.622624,0.331,0.1972,3.0,1.0,6.0,6.0,0.0,2.0
41,3.9919,3.9114,0.79792,0.627584,0.3338,0.1941,3.0,1.0,6.0,6.0,0.0,2.0
42,4.0564,3.8799,0.792928,0.632064,0.3238,0.1976,3.0,1.0,6.0,6.0,0.0,2.0
43,3.8349,3.4441,0.794112,0.646272,0.3309,0.1907,3.0,1.0,6.0,6.0,0.0,2.0
44,4.02,3.7241,0.797952,0.628992,0.3281,0.1838,3.0,1.0,6.0,6.0,0.0,2.0
45,3.7738,3.5437,0.804864,0.632544,0.3178,0.1883,3.0,1.0,6.0,6.0,0.0,2.0
46,3.8816,3.7317,0.7992,0.630848,0.3165,0.1976,3.0,1.0,6.0,6.0,0.0,2.0
47,4.3159,4.176,0.798784,0.635872,0.3415,0.1915,3.0,1.0,6.0,6.0,0.0,2.0
48,4.2068,3.8327,0.795936,0.6392,0.3231,0.1851,3.0,1.0,6.0,6.0,0.0,2.0
49,3.8519,3.6042,0.81392,0.657984,0.3223,0.1875,3.0,1.0,6.0,6.0,0.0,2.0
50,4.2694,3.8835,0.801536,0.641504,0.3246,0.1901,3.0,1.0,6.0,6.0,0.0,2.0
51,4.3188,3.4986,0.808224,0.640352,0.3263,0.1905,3.0,1.0,6.0,6.0,0.0,2.0
52,3.8728,4.051,0.802752,0.643648,0.3225,0.1866,3.0,1.0,6.0,6.0,0.0,2.0
53,3.9868,4.021,0.822784,0.641664,0.3187,0.1855,3.0,1.0,6.0,6.0,0.0,2.0
54,4.0415,3.4268,0.808512,0.651616,0.325,0.1891,3.0,1.0,6.0,6.0,0.0,2.0
55,3.8921,3.9269,0.807936,0.664864,0.32,0.2023,3.0,1.0,6.0,6.0,0.0,2.0
56,4.3407,3.4238,0.814528,0.649152,0.3495,0.1902,3.0,1.0,6.0,6.0,0.0,2.0
57,4.0606,4.2055,0.823616,0.653024,0.3237,0.1884,3.0,1.0,6.0,6.0,0.0,2.0
58,4.3161,3.675,0.821344,0.652576,0.3183,0.1857,3.0,1.0,6.0,6.0,0.0,2.0
59,3.8674,3.5079,0.824064,0.653664,0.3196,0.1825,3.0,1.0,6.0,6.0,0.0,2.0
60,4.3386,3.9189,0.820704,0.66144,0.3232,0.193,3.0,1.0,6.0,6.0,0.0,2.0
61,4.078,3.7698,0.833376,0.680288,0.3218,0.1802,3.0,1.0,6.0,6.0,0.0,2.0
62,3.9262,3.7222,0.822624,0.659552,0.3154,0.1909,3.0,1.0,6.0,6.0,0.0,2.0
63,4.1408,3.3616,0.825088,0.658464,0.338,0.1837,3.0,1.0,6.0,6.0,0.0,2.0
64,4.8127,3.593,0.829248,0.662592,0.3296,0.1748,3.0,1.0,6.0,6.0,0.0,2.0
65,4.322,3.8188,0.840928,0.664256,0.3184,0.1761,3.0,1.0,6.0,6.0,0.0,2.0
66,5.2307,3.7501,0.830176,0.671264,0.3272,0.1861,3.0,1.0,6.0,6.0,0.0,2.0
67,4.4059,3.4998,0.833664,0.687264,0.3276,0.1756,3.0,1.0,6.0,6.0,0.0,2.0
68,4.4498,3.6156,0.833952,0.672672,0.3478,0.184,3.0,1.0,6.0,6.0,0.0,2.0
69,3.8867,3.5588,0.842176,0.669376,0.3163,0.1883,3.0,1.0,6.0,6.0,0.0,2.0
70,4.0869,3.5453,0.838976,0.669824,0.3249,0.1792,3.0,1.0,6.0,6.0,0.0,2.0
71,4.0671,3.7505,0.835584,0.673248,0.3139,0.1821,3.0,1.0,6.0,6.0,0.0,2.0
72,4.5536,3.4737,0.839808,0.679712,0.3214,0.1787,3.0,1.0,6.0,6.0,0.0,2.0
73,3.6158,3.8343,0.85584,0.698592,0.3209,0.1827,3.0,1.0,6.0,6.0,0.0,2.0
74,4.3579,3.7347,0.8424,0.67824,0.3225,0.1821,3.0,1.0,6.0,6.0,0.0,2.0
75,4.4074,3.3892,0.84448,0.6792,0.3263,0.1962,3.0,1.0,6.0,6.0,0.0,2.0
76,3.9575,3.8052,0.84416,0.68112,0.3266,0.189,3.0,1.0,6.0,6.0,0.0,2.0
77,3.9557,4.1929,0.856448,0.683072,0.3159,0.1772,3.0,1.0,6.0,6.0,0.0,2.0
78,3.9311,3.4298,0.851488,0.687488,0.3157,0.1848,3.0,1.0,6.0,6.0,0.0,2.0
79,3.5805,3.9184,0.848768,0.86048,0.3205,0.1793,3.0,1.0,6.0,6.0,0.0,2.0
80,4.1469,3.4527,0.847776,0.686272,0.3144,0.1797,3.0,1.0,6.0,6.0,0.0,2.0
81,3.9181,3.9199,0.860832,0.687328,0.3146,0.1831,3.0,1.0,6.0,6.0,0.0,2.0
82,3.8348,3.8867,0.85104,0.688,0.3183,0.1828,3.0,1.0,6.0,6.0,0.0,2.0
83,3.9667,3.9936,0.859296,0.689312,0.3117,0.1902,3.0,1.0,6.0,6.0,0.0,2.0
84,4.2621,3.9034,0.858496,0.69792,0.3228,0.2982,3.0,1.0,6.0,6.0,0.0,2.0
85,3.8646,3.4588,0.870208,0.714752,0.3082,0.1891,3.0,1.0,6.0,6.0,0.0,2.0
86,3.8434,3.6695,0.861952,0.696448,0.3189,0.1816,3.0,1.0,6.0,6.0,0.0,2.0
87,3.9925,3.7082,0.863168,0.69792,0.3192,0.1779,3.0,1.0,6.0,6.0,0.0,2.0
88,4.334,3.6091,0.861728,0.695552,0.3163,0.1765,3.0,1.0,6.0,6.0,0.0,2.0
89,3.7634,3.9345,0.873888,0.697248,0.3252,0.1843,3.0,1.0,6.0,6.0,0.0,2.0
90,4.4027,3.7327,0.865664,0.704192,0.3437,0.182,3.0,1.0,6.0,6.0,0.0,2.0
91,3.9205,3.7007,0.875168,0.726304,0.3238,0.1767,3.0,1.0,6.0,6.0,0.0,2.0
92,4.1201,3.5101,0.871584,0.704544,0.3263,0.1791,3.0,1.0,6.0,6.0,0.0,2.0
93,3.927,3.5054,0.901824,0.702976,0.3317,0.1771,3.0,1.0,6.0,6.0,0.0,2.0
94,3.9224,3.8009,0.868608,0.706592,0.3155,0.1841,3.0,1.0,6.0,6.0,0.0,2.0
95,3.8977,3.9507,0.873312,0.70448,0.3328,0.1791,3.0,1.0,6.0,6.0,0.0,2.0
96,4.3225,3.7673,0.87168,0.713312,0.3239,0.1827,3.0,1.0,6.0,6.0,0.0,2.0
97,4.1684,3.8816,0.8952,0.739104,0.304,0.1791,3.0,1.0,6.0,6.0,0.0,2.0
98,4.0654,3.9368,0.874624,0.708704,0.3077,0.18,3.0,1.0,6.0,6.0,0.0,2.0
99,3.7686,3.6694,0.881024,0.711936,0.3259,0.185,3.0,1.0,6.0,6.0,0.0,2.0
100,4.2375,3.8455,0.87968,0.711296,0.3118,0.2049,3.0,1.0,6.0,6.0,0.0,2.0
101,4.2136,3.7847,0.887648,0.711424,0.3267,0.1783,3.0,1.0,6.0,6.0,0.0,2.0
102,3.8747,3.7101,0.87888,0.720544,0.3212,0.182,3.0,1.0,6.0,6.0,0.0,2.0
103,4.0373,3.8287,0.881152,0.735872,0.3179,0.1731,3.0,1.0,6.0,6.0,0.0,2.0
104,3.9504,3.4924,0.87952,0.714656,0.3153,0.1796,3.0,1.0,6.0,6.0,0.0,2.0
105,4.1103,3.767,0.910176,0.71664,0.3223,0.182,3.0,1.0,6.0,6.0,0.0,2.0
106,4.3797,3.5057,0.883616,0.718464,0.3182,0.1739,3.0,1.0,6.0,6.0,0.0,2.0
107,4.1738,4.0566,0.887904,0.719776,0.3139,0.1754,3.0,1.0,6.0,6.0,0.0,2.0
108,4.0417,4.0548,0.88624,0.729696,0.3192,0.179,3.0,1.0,6.0,6.0,0.0,2.0
109,4.3488,3.9908,0.899328,0.749344,0.3536,0.1828,3.0,1.0,6.0,6.0,0.0,2.0
110,4.5793,4.2655,0.896672,0.72416,0.3243,0.1954,3.0,1.0,6.0,6.0,0.0,2.0
111,4.2676,3.9573,0.888736,0.890112,0.3493,0.2002,3.0,1.0,6.0,6.0,0.0,2.0
112,4.0595,3.7382,0.89056,0.724736,0.3318,0.1893,3.0,1.0,6.0,6.0,0.0,2.0
113,3.7268,4.0989,0.899872,0.726528,0.3151,0.1875,3.0,1.0,6.0,6.0,0.0,2.0
114,4.1259,3.6839,0.894848,0.732864,0.3231,0.1921,3.0,1.0,6.0,6.0,0.0,2.0
115,3.8753,3.846,0.906016,0.750016,0.3222,0.1864,3.0,1.0,6.0,6.0,0.0,2.0
116,4.1566,3.5976,0.89568,0.732416,0.3345,0.1909,3.0,1.0,6.0,6.0,0.0,2.0
117,4.2514,3.7425,0.919872,0.730496,0.3174,0.1852,3.0,1.0,6.0,6.0,0.0,2.0
118,3.8197,3.3895,0.898432,0.733088,0.3225,0.1936,3.0,1.0,6.0,6.0,0.0,2.0
119,3.9555,4.2485,0.900416,0.732256,0.3227,0.195,3.0,1.0,6.0,6.0,0.0,2.0
120,4.0849,3.814,0.8976,0.73936,0.3169,0.1788,3.0,1.0,6.0,6.0,0.0,2.0
121,3.9521,3.517,0.9176,0.759808,0.3239,0.181,3.0,1.0,6.0,6.0,0.0,2.0
122,3.999,3.8349,0.901824,0.734912,0.3272,0.1941,3.0,1.0,6.0,6.0,0.0,2.0
123,4.024,3.6963,0.900192,0.737248,0.3196,0.1828,3.0,1.0,6.0,6.0,0.0,2.0
124,4.1336,3.5707,0.90176,0.734752,0.3192,0.1874,3.0,1.0,6.0,6.0,0.0,2.0
125,3.9227,4.1376,0.914368,0.741696,0.3248,0.1768,3.0,1.0,6.0,6.0,0.0,2.0
126,4.2693,3.5057,0.905088,0.74304,0.3159,0.1802,3.0,1.0,6.0,6.0,0.0,2.0
127,3.7622,3.8617,0.904544,0.758208,0.3192,0.1837,3.0,1.0,6.0,6.0,0.0,2.0
128,4.268,3.9883,0.908032,0.883136,0.3331,0.1938,3.0,1.0,6.0,6.0,0.0,2.0
129,4.0121,3.7331,0.914944,0.740288,0.3203,0.1947,3.0,1.0,6.0,6.0,0.0,2.0
130,3.7676,3.8571,0.905632,0.744128,0.3178,0.1846,3.0,1.0,6.0,6.0,0.0,2.0
131,3.7863,3.8514,0.904512,0.740096,0.3165,0.1872,3.0,1.0,6.0,6.0,0.0,2.0
132,4.0312,3.4203,0.909792,0.748064,0.3099,0.1895,3.0,1.0,6.0,6.0,0.0,2.0
133,3.8614,3.6727,0.919552,0.76208,0.3156,0.1858,3.0,1.0,6.0,6.0,0.0,2.0
134,4.3886,3.4647,0.908992,0.743712,0.3277,0.1805,3.0,1.0,6.0,6.0,0.0,2.0
135,3.8706,3.8516,0.913344,0.744928,0.3353,0.1949,3.0,1.0,6.0,6.0,0.0,2.0
136,4.3563,3.6444,0.910144,0.74768,0.3223,0.1793,3.0,1.0,6.0,6.0,0.0,2.0
137,4.0823,3.8775,0.923008,0.744512,0.3191,0.1815,3.0,1.0,6.0,6.0,0.0,2.0
138,3.737,3.8907,0.911808,0.880896,0.3193,0.1799,3.0,1.0,6.0,6.0,0.0,2.0
139,3.9346,3.5458,0.92624,0.773184,0.3291,0.1853,3.0,1.0,6.0,6.0,0.0,2.0
140,4.2661,3.9312,0.912032,0.750592,0.321,0.2031,3.0,1.0,6.0,6.0,0.0,2.0
141,3.801,3.8763,0.923488,0.750432,0.3354,0.1829,3.0,1.0,6.0,6.0,0.0,2.0
142,4.0763,3.8446,0.915264,0.747552,0.327,0.1825,3.0,1.0,6.0,6.0,0.0,2.0
143,4.361,4.0952,0.910848,0.748768,0.3223,0.1905,3.0,1.0,6.0,6.0,0.0,2.0
144,4.1657,3.6623,0.914592,0.754304,0.316,0.1836,3.0,1.0,6.0,6.0,0.0,2.0
145,4.5485,3.7397,0.933408,0.76352,0.3607,0.1861,3.0,1.0,6.0,6.0,0.0,2.0
146,4.1282,3.6901,0.914944,0.750624,0.3147,0.1861,3.0,1.0,6.0,6.0,0.0,2.0
147,4.1207,3.3992,0.918368,0.749184,0.3221,0.1852,3.0,1.0,6.0,6.0,0.0,2.0
148,4.0856,4.0605,0.91552,0.750656,0.3283,0.1834,3.0,1.0,6.0,6.0,0.0,2.0
149,4.0582,3.992,0.928192,0.890592,0.3175,0.1786,3.0,1.0,6.0,6.0,0.0,2.0
150,4.3251,3.8266,0.917472,0.756032,0.3294,0.1846,3.0,1.0,6.0,6.0,0.0,2.0
151,4.1036,4.0876,0.916608,0.772992,0.3229,0.1839,3.0,1.0,6.0,6.0,0.0,2.0
152,4.5507,3.4279,1.08048,0.749376,0.3168,0.1909,3.0,1.0,6.0,6.0,0.0,2.0
153,3.9023,3.7392,0.921856,0.74992,0.3183,0.1853,3.0,1.0,6.0,6.0,0.0,2.0
154,4.1058,3.6051,0.917248,0.750272,0.3208,0.1803,3.0,1.0,6.0,6.0,0.0,2.0
155,4.1996,4.1733,0.918496,0.749472,0.3665,0.2024,3.0,1.0,6.0,6.0,0.0,2.0
156,4.3988,4.0191,1.049376,0.753952,0.318,0.2968,3.0,1.0,6.0,6.0,0.0,2.0
157,3.9556,3.5645,0.924064,0.772096,0.3283,0.1914,3.0,1.0,6.0,6.0,0.0,2.0
158,4.1786,3.9967,0.91632,0.749344,0.3257,0.1838,3.0,1.0,6.0,6.0,0.0,2.0
159,3.9929,3.9542,0.93008,0.749696,0.3289,0.186,3.0,1.0,6.0,6.0,0.0,2.0
160,4.2681,3.4988,0.909792,0.746176,0.3164,0.1838,3.0,1.0,6.0,6.0,0.0,2.0
161,4.5131,3.8505,0.941408,0.745344,0.3282,0.1829,3.0,1.0,6.0,6.0,0.0,2.0
162,4.5002,3.8959,0.916,0.751456,0.3363,0.2188,3.0,1.0,6.0,6.0,0.0,2.0
163,3.9357,3.6892,0.908064,0.766208,0.325,0.1857,3.0,1.0,6.0,6.0,0.0,2.0
164,4.106,3.9958,0.909472,0.746016,0.3365,0.1812,3.0,1.0,6.0,6.0,0.0,2.0
165,4.1418,3.6074,1.062304,0.742368,0.3346,0.1836,3.0,1.0,6.0,6.0,0.0,2.0
166,4.191,3.9999,0.906688,0.742528,0.321,0.2082,3.0,1.0,6.0,6.0,0.0,2.0
167,4.023,3.9933,0.90528,0.741408,0.3225,0.183,3.0,1.0,6.0,6.0,0.0,2.0
168,4.5937,3.4988,0.904448,0.74464,0.326,0.1873,3.0,1.0,6.0,6.0,0.0,2.0
169,4.1951,4.2643,0.911616,0.753792,0.3288,0.2019,3.0,1.0,6.0,6.0,0.0,2.0
170,3.9039,3.8727,0.899968,0.736448,0.324,0.189,3.0,1.0,6.0,6.0,0.0,2.0
171,4.0424,3.5336,0.899776,0.734528,0.3357,0.1927,3.0,1.0,6.0,6.0,0.0,2.0
172,4.1117,3.8825,0.89584,0.73184,0.3253,0.1936,3.0,1.0,6.0,6.0,0.0,2.0
173,3.7072,3.9597,0.90832,0.729472,0.3218,0.1839,3.0,1.0,6.0,6.0,0.0,2.0
174,4.1277,3.6268,0.896928,0.735328,0.3386,0.1895,3.0,1.0,6.0,6.0,0.0,2.0
175,3.9568,3.8836,0.894496,0.75504,0.3158,0.1863,3.0,1.0,6.0,6.0,0.0,2.0
176,4.105,3.465,0.890048,0.726464,0.323,0.1891,3.0,1.0,6.0,6.0,0.0,2.0
177,4.0659,3.6934,1.022816,0.728,0.32,0.1849,3.0,1.0,6.0,6.0,0.0,2.0
178,3.6496,3.7886,0.885472,0.722496,0.3162,0.1794,3.0,1.0,6.0,6.0,0.0,2.0
179,3.9498,3.8065,0.885696,0.72112,0.327,0.1963,3.0,1.0,6.0,6.0,0.0,2.0
180,5.0303,3.7477,0.88656,0.72656,0.3446,0.1943,3.0,1.0,6.0,6.0,0.0,2.0
181,4.1802,3.8587,0.891968,0.738816,0.331,0.1789,3.0,1.0,6.0,6.0,0.0,2.0
182,4.266,3.7182,0.88384,0.720032,0.3348,0.198,3.0,1.0,6.0,6.0,0.0,2.0
183,4.3097,3.953,0.880096,0.717824,0.3206,0.1937,3.0,1.0,6.0,6.0,0.0,2.0
184,4.2532,3.906,0.878048,0.716672,0.3287,0.1893,3.0,1.0,6.0,6.0,0.0,2.0
185,3.8234,3.792,0.888544,0.712064,0.3287,0.1877,3.0,1.0,6.0,6.0,0.0,2.0
186,4.0401,3.6396,0.875936,0.71632,0.3174,0.1843,3.0,1.0,6.0,6.0,0.0,2.0
187,4.1045,3.909,0.87152,0.729664,0.3303,0.1905,3.0,1.0,6.0,6.0,0.0,2.0
188,3.8568,3.4862,0.872256,0.709664,0.3179,0.195,3.0,1.0,6.0,6.0,0.0,2.0
189,3.9962,3.6756,0.905248,0.708352,0.3184,0.1849,3.0,1.0,6.0,6.0,0.0,2.0
190,4.0744,3.3926,0.870432,0.70576,0.3169,0.1749,3.0,1.0,6.0,6.0,0.0,2.0
191,3.8745,3.719,0.87408,0.706752,0.3222,0.1859,3.0,1.0,6.0,6.0,0.0,2.0
192,4.2561,3.5887,0.868608,0.70976,0.3264,0.1833,3.0,1.0,6.0,6.0,0.0,2.0
193,4.227,3.4555,0.87488,0.726464,0.3552,0.1843,3.0,1.0,6.0,6.0,0.0,2.0
194,4.356,3.9195,0.865152,0.704384,0.3415,0.183,3.0,1.0,6.0,6.0,0.0,2.0
195,4.4924,4.0871,0.8704,0.70304,0.3323,0.1912,3.0,1.0,6.0,6.0,0.0,2.0
196,4.5702,3.3256,0.862464,0.699776,0.3352,0.1912,3.0,1.0,6.0,6.0,0.0,2.0
197,4.5003,4.0037,0.879648,0.696768,0.3548,0.1875,3.0,1.0,6.0,6.0,0.0,2.0
198,4.2845,4.0143,0.865088,0.703744,0.3454,0.1905,3.0,1.0,6.0,6.0,0.0,2.0
199,4.0776,3.618,0.861152,0.720576,0.3257,0.1904,3.0,1.0,6.0,6.0,0.0,2.0
200,4.1009,3.7206,0.86,0.694944,0.3248,0.1892,3.0,1.0,6.0,6.0,0.0,2.0
201,4.2917,3.5846,0.870432,0.6952,0.3354,0.1867,3.0,1.0,6.0,6.0,0.0,2.0
202,4.1366,3.932,0.858144,0.693632,0.3386,0.1887,3.0,1.0,6.0,6.0,0.0,2.0
203,4.0247,3.9974,0.855712,0.693824,0.3251,0.1962,3.0,1.0,6.0,6.0,0.0,2.0
204,4.2753,3.411,0.856512,0.697824,0.328,0.1927,3.0,1.0,6.0,6.0,0.0,2.0
205,4.1388,3.8549,0.880864,0.710976,0.3325,0.1845,3.0,1.0,6.0,6.0,0.0,2.0
206,4.5993,3.6069,0.991936,0.690944,0.3442,0.1893,3.0,1.0,6.0,6.0,0.0,2.0
207,3.9675,3.6138,0.855936,0.690016,0.3329,0.1818,3.0,1.0,6.0,6.0,0.0,2.0
208,4.4281,3.9026,0.851808,0.688928,0.3306,0.1836,3.0,1.0,6.0,6.0,0.0,2.0
209,4.3088,3.6511,0.860576,0.688064,0.3344,0.1902,3.0,1.0,6.0,6.0,0.0,2.0
210,4.3517,3.7529,0.983168,0.693344,0.3377,0.2082,3.0,1.0,6.0,6.0,0.0,2.0
211,4.0638,3.7255,0.853696,0.707072,0.3409,0.1841,3.0,1.0,6.0,6.0,0.0,2.0
212,4.3333,3.7415,0.852192,0.688128,0.3413,0.1909,3.0,1.0,6.0,6.0,0.0,2.0
213,4.126,3.8961,0.862208,0.687296,0.3361,0.1958,3.0,1.0,6.0,6.0,0.0,2.0
214,3.9369,3.5585,0.846272,0.685472,0.3265,0.1928,3.0,1.0,6.0,6.0,0.0,2.0
215,3.8594,3.616,0.84656,0.683584,0.336,0.2011,3.0,1.0,6.0,6.0,0.0,2.0
216,4.1035,3.7746,0.845856,0.687776,0.3201,0.1901,3.0,1.0,6.0,6.0,0.0,2.0
217,4.1244,3.691,0.85888,0.697792,0.3241,0.1968,3.0,1.0,6.0,6.0,0.0,2.0
218,4.2064,3.7248,0.845376,0.682816,0.3348,0.1966,3.0,1.0,6.0,6.0,0.0,2.0
219,4.038,3.7359,0.854048,0.678528,0.3305,0.2034,3.0,1.0,6.0,6.0,0.0,2.0
220,4.2463,3.372,0.842656,0.67824,0.3277,0.1916,3.0,1.0,6.0,6.0,0.0,2.0
221,3.8529,3.6891,0.862848,0.67792,0.324,0.196,3.0,1.0,6.0,6.0,0.0,2.0
222,4.7079,3.6119,0.841152,0.683008,0.333,0.1846,3.0,1.0,6.0,6.0,0.0,2.0
223,4.409,3.7148,0.841984,0.695552,0.3383,0.1946,3.0,1.0,6.0,6.0,0.0,2.0
224,4.6945,3.7734,0.837632,0.8112,0.3376,0.1861,3.0,1.0,6.0,6.0,0.0,2.0
225,4.6758,3.4121,0.851584,0.67376,0.4432,0.1941,3.0,1.0,6.0,6.0,0.0,2.0
226,3.9658,3.358,0.83952,0.673728,0.3336,0.1905,3.0,1.0,6.0,6.0,0.0,2.0
227,4.2099,4.2607,0.846848,0.674432,0.3381,0.1868,3.0,1.0,6.0,6.0,0.0,2.0
228,4.3269,3.4715,0.834976,0.67744,0.3334,0.1816,3.0,1.0,6.0,6.0,0.0,2.0
229,3.986,4.0225,0.863008,0.696544,0.3319,0.1839,3.0,1.0,6.0,6.0,0.0,2.0
230,4.3043,3.8949,0.835488,0.67216,0.3268,0.2,3.0,1.0,6.0,6.0,0.0,2.0
231,3.9078,3.4748,0.834688,0.668832,0.3259,0.1884,3.0,1.0,6.0,6.0,0.0,2.0
232,3.9602,3.9777,0.829664,0.67296,0.3208,0.1868,3.0,1.0,6.0,6.0,0.0,2.0
233,4.048,4.1207,0.843904,0.667744,0.3317,0.1948,3.0,1.0,6.0,6.0,0.0,2.0
234,3.757,3.8099,0.83104,0.671296,0.323,0.1923,3.0,1.0,6.0,6.0,0.0,2.0
235,3.9252,3.6455,0.829856,0.682464,0.3247,0.1938,3.0,1.0,6.0,6.0,0.0,2.0
236,4.15,3.9051,0.828992,0.801024,0.3304,0.1899,3.0,1.0,6.0,6.0,0.0,2.0
237,3.8293,3.5764,0.837888,0.661824,0.3212,0.1823,3.0,1.0,6.0,6.0,0.0,2.0
238,3.9236,4.0397,0.826432,0.661344,0.3159,0.1892,3.0,1.0,6.0,6.0,0.0,2.0
239,4.1115,3.8156,0.829536,0.660384,0.328,0.187,3.0,1.0,6.0,6.0,0.0,2.0
240,3.9042,3.2906,0.825248,0.663808,0.3294,0.1864,3.0,1.0,6.0,6.0,0.0,2.0
241,3.9736,3.7384,0.828192,0.676128,0.3354,0.1824,3.0,1.0,6.0,6.0,0.0,2.0
242,3.9608,3.3936,0.820992,0.657728,0.3253,0.184,3.0,1.0,6.0,6.0,0.0,2.0
243,3.8098,3.5138,0.816128,0.653728,0.3161,0.1858,3.0,1.0,6.0,6.0,0.0,2.0
244,4.0504,3.7781,0.814976,0.654784,0.3236,0.2028,3.0,1.0,6.0,6.0,0.0,2.0
245,4.1352,3.7132,0.827584,0.651008,0.3314,0.1958,3.0,1.0,6.0,6.0,0.0,2.0
246,4.3169,3.9271,0.819712,0.65456,0.3274,0.1843,3.0,1.0,6.0,6.0,0.0,2.0
247,3.7226,3.5244,0.814944,0.669888,0.3275,0.1855,3.0,1.0,6.0,6.0,0.0,2.0
248,4.0989,3.8258,0.810144,0.647232,0.3237,0.1792,3.0,1.0,6.0,6.0,0.0,2.0
249,4.2349,3.5252,0.816352,0.645696,0.3209,0.1868,3.0,1.0,6.0,6.0,0.0,2.0
250,3.8277,3.7667,0.805504,0.646112,0.3198,0.1962,3.0,1.0,6.0,6.0,0.0,2.0
251,4.1685,4.0614,0.826592,0.641344,0.3541,0.1812,3.0,1.0,6.0,6.0,0.0,2.0
252,4.2076,3.4454,0.805312,0.64688,0.3158,0.1816,3.0,1.0,6.0,6.0,0.0,2.0
253,4.2249,3.8202,0.822976,0.659968,0.3354,0.1954,3.0,1.0,6.0,6.0,0.0,2.0
254,4.2865,3.6191,0.802752,0.637632,0.4773,0.1825,3.0,1.0,6.0,6.0,0.0,2.0
255,4.0423,3.8782,0.80656,0.637248,0.3238,0.2474,3.0,1.0,6.0,6.0,0.0,2.0
256,4.0425,3.8954,0.801696,0.636224,0.3308,0.1872,3.0,1.0,6.0,6.0,0.0,2.0
257,3.9235,3.6283,0.801888,0.632384,0.3176,0.1874,3.0,1.0,6.0,6.0,0.0,2.0
258,3.739,3.7084,0.795168,0.636352,0.3177,0.1932,3.0,1.0,6.0,6.0,0.0,2.0
259,3.6214,3.8124,0.794688,0.653152,0.32,0.1778,3.0,1.0,6.0,6.0,0.0,2.0
260,4.0283,3.4819,0.792672,0.628832,0.3148,0.1856,3.0,1.0,6.0,6.0,0.0,2.0
261,3.7833,3.5952,0.802528,0.630496,0.3219,0.1866,3.0,1.0,6.0,6.0,0.0,2.0
262,3.8268,3.5008,0.790336,0.625248,0.3196,0.1819,3.0,1.0,6.0,6.0,0.0,2.0
263,3.7511,3.6586,0.785824,0.62512,0.3138,0.1893,3.0,1.0,6.0,6.0,0.0,2.0
264,3.7437,3.6964,0.789984,0.631104,0.3166,0.1818,3.0,1.0,6.0,6.0,0.0,2.0
265,3.9555,3.4167,0.798496,0.644,0.3143,0.1836,3.0,1.0,6.0,6.0,0.0,2.0
266,3.6422,3.8426,0.782528,0.623424,0.3218,0.1875,3.0,1.0,6.0,6.0,0.0,2.0
267,3.5464,3.5132,0.786592,0.623712,0.3226,0.1838,3.0,1.0,6.0,6.0,0.0,2.0
268,3.8202,3.4205,0.784896,0.622016,0.3145,0.1834,3.0,1.0,6.0,6.0,0.0,2.0
269,3.6068,3.8416,0.794784,0.618464,0.3205,0.1784,3.0,1.0,6.0,6.0,0.0,2.0
270,3.9775,3.3187,0.782336,0.625216,0.3206,0.1816,3.0,1.0,6.0,6.0,0.0,2.0
271,3.6731,3.4068,0.79184,0.642304,0.3131,0.1792,3.0,1.0,6.0,6.0,0.0,2.0
272,3.6783,3.4388,0.780832,0.617504,0.3223,0.1905,3.0,1.0,6.0,6.0,0.0,2.0
273,3.8969,3.8452,0.791744,0.617696,0.313,0.1919,3.0,1.0,6.0,6.0,0.0,2.0
274,4.3526,3.5299,0.780032,0.616608,0.3217,0.1831,3.0,1.0,6.0,6.0,0.0,2.0
275,4.0025,3.4691,0.782976,0.614912,0.3221,0.1803,3.0,1.0,6.0,6.0,0.0,2.0
276,4.2572,3.642,0.778272,0.619808,0.3294,0.194,3.0,1.0,6.0,6.0,0.0,2.0
277,3.8636,3.6723,0.786752,0.634912,0.3277,0.1859,3.0,1.0,6.0,6.0,0.0,2.0
278,4.1148,3.4095,0.777728,0.611424,0.318,0.1758,3.0,1.0,6.0,6.0,0.0,2.0
279,3.627,3.2739,0.778208,0.61072,0.3122,0.1703,3.0,1.0,6.0,6.0,0.0,2.0
280,3.6069,3.5224,0.772704,0.611968,0.3189,0.1783,3.0,1.0,6.0,6.0,0.0,2.0
281,3.9005,3.8462,0.785504,0.609888,0.3177,0.1797,3.0,1.0,6.0,6.0,0.0,2.0
282,4.1061,3.6093,0.770144,0.615104,0.3155,0.1887,3.0,1.0,6.0,6.0,0.0,2.0
283,3.6863,3.6603,0.77216,0.62576,0.3195,0.1833,3.0,1.0,6.0,6.0,0.0,2.0
284,4.1056,3.4803,0.910336,0.608288,0.3229,0.185,3.0,1.0,6.0,6.0,0.0,2.0
285,3.692,3.9254,0.784288,0.606784,0.3228,0.182,3.0,1.0,6.0,6.0,0.0,2.0
286,3.9268,3.4478,0.77024,0.606848,0.364,0.1857,3.0,1.0,6.0,6.0,0.0,2.0
287,4.1203,3.6663,0.766624,0.603008,0.4487,0.1883,3.0,1.0,6.0,6.0,0.0,2.0
288,3.7281,3.7093,0.766304,0.612576,0.3182,0.1876,3.0,1.0,6.0,6.0,0.0,2.0
289,3.6957,3.4899,0.774912,0.624704,0.3216,0.1945,3.0,1.0,6.0,6.0,0.0,2.0
290,3.7839,3.6514,0.770176,0.605184,0.3105,0.1853,3.0,1.0,6.0,6.0,0.0,2.0
291,3.925,3.5494,0.773568,0.600128,0.3173,0.1786,3.0,1.0,6.0,6.0,0.0,2.0
292,3.9523,3.4078,0.7632,0.60064,0.3173,0.1961,3.0,1.0,6.0,6.0,0.0,2.0
293,3.7028,3.5872,0.770144,0.596768,0.3219,0.1776,3.0,1.0,6.0,6.0,0.0,2.0
294,4.0581,3.4135,0.759456,0.60096,0.3209,0.1795,3.0,1.0,6.0,6.0,0.0,2.0
295,3.5466,3.5284,0.759264,0.617792,0.3166,0.1927,3.0,1.0,6.0,6.0,0.0,2.0
296,3.842,3.5649,0.75872,0.595808,0.3186,0.1855,3.0,1.0,6.0,6.0,0.0,2.0
297,3.8923,3.7476,0.765216,0.600768,0.3318,0.1796,3.0,1.0,6.0,6.0,0.0,2.0
298,3.7508,3.8288,0.754816,0.594208,0.3176,0.1782,3.0,1.0,6.0,6.0,0.0,2.0
299,3.6301,4.0713,0.757984,0.5952,0.3188,0.1988,3.0,1.0,6.0,6.0,0.0,2.0
300,4.1115,3.9381,0.751968,0.598304,0.3095,0.2946,3.0,1.0,6.0,6.0,0.0,2.0
301,3.7095,3.5213,0.762048,0.607072,0.3159,0.1814,3.0,1.0,6.0,6.0,0.0,2.0
302,3.8139,3.3925,0.755456,0.592736,0.3907,0.1879,3.0,1.0,6.0,6.0,0.0,2.0
303,3.8696,3.4991,0.74784,0.592448,0.3164,0.1795,3.0,1.0,6.0,6.0,0.0,2.0
304,3.9417,3.7258,0.751648,0.58928,0.3133,0.179,3.0,1.0,6.0,6.0,0.0,2.0
305,4.1223,4.1865,0.766784,0.72832,0.3176,0.1902,3.0,1.0,6.0,6.0,0.0,2.0
306,3.751,3.7675,0.728928,0.5704,0.3151,0.1994,3.0,1.0,6.0,6.0,0.0,2.0
307,3.5307,4.181,0.719008,0.58208,0.3155,0.1848,3.0,1.0,6.0,6.0,0.0,2.0
308,4.1053,3.8014,0.71344,0.550112,0.3287,0.1834,3.0,1.0,6.0,6.0,0.0,2.0
309,3.9045,3.4083,0.71584,0.541536,0.3259,0.1979,3.0,1.0,6.0,6.0,0.0,2.0
310,3.5786,3.6999,0.700512,0.537664,0.3256,0.1968,3.0,1.0,6.0,6.0,0.0,2.0
311,3.7336,3.8919,0.708128,0.543392,0.4792,0.1866,3.0,1.0,6.0,6.0,0.0,2.0
312,3.9542,3.5106,0.711744,0.555296,0.3222,0.1843,3.0,1.0,6.0,6.0,0.0,2.0
313,3.556,3.5162,0.730112,0.578944,0.3181,0.1786,3.0,1.0,6.0,6.0,0.0,2.0
314,4.0368,3.6342,0.739456,0.576736,0.3194,0.1903,3.0,1.0,6.0,6.0,0.0,2.0
315,3.7919,3.343,0.738624,0.57184,0.3235,0.1992,3.0,1.0,6.0,6.0,0.0,2.0
316,3.7099,3.3017,0.733376,0.573088,0.315,0.1827,3.0,1.0,6.0,6.0,0.0,2.0
317,3.7886,3.6407,0.741472,0.570272,0.3148,0.1764,3.0,1.0,6.0,6.0,0.0,2.0
318,3.6708,3.7116,0.733984,0.57536,0.3171,0.184,3.0,1.0,6.0,6.0,0.0,2.0
319,3.6859,3.387,0.733312,0.594688,0.32,0.1746,3.0,1.0,6.0,6.0,0.0,2.0
320,4.1731,3.6172,0.730336,0.567968,0.32,0.1841,3.0,1.0,6.0,6.0,0.0,2.0
321,3.5709,3.3718,0.742464,0.567456,0.3162,0.1871,3.0,1.0,6.0,6.0,0.0,2.0
322,3.7182,3.2456,0.726976,0.563456,0.3202,0.179,3.0,1.0,6.0,6.0,0.0,2.0
323,3.7385,3.7932,0.73856,0.563392,0.3172,0.1831,3.0,1.0,6.0,6.0,0.0,2.0
324,4.3683,3.3667,0.72704,0.5664,0.3217,0.1885,3.0,1.0,6.0,6.0,0.0,2.0
325,3.75,3.9173,0.7376,0.576672,0.322,0.1827,3.0,1.0,6.0,6.0,0.0,2.0
326,3.771,3.5368,0.721024,0.560064,0.3197,0.1744,3.0,1.0,6.0,6.0,0.0,2.0
327,3.9833,3.3494,0.724512,0.55952,0.3183,0.1722,3.0,1.0,6.0,6.0,0.0,2.0
328,3.9827,3.8843,0.719936,0.557344,0.4348,0.1781,3.0,1.0,6.0,6.0,0.0,2.0
329,3.9847,3.6389,0.88256,0.557312,0.3211,0.1842,3.0,1.0,6.0,6.0,0.0,2.0
330,3.7547,3.6605,0.718528,0.559712,0.3212,0.2224,3.0,1.0,6.0,6.0,0.0,2.0
331,3.5675,3.3736,0.719008,0.579904,0.316,0.1789,3.0,1.0,6.0,6.0,0.0,2.0
332,3.7143,3.5721,0.713088,0.554592,0.3137,0.185,3.0,1.0,6.0,6.0,0.0,2.0
333,3.4892,3.2116,0.7256,0.550944,0.3175,0.1733,3.0,1.0,6.0,6.0,0.0,2.0
334,3.7073,3.8408,0.717824,0.550368,0.3196,0.1899,3.0,1.0,6.0,6.0,0.0,2.0
335,3.82,3.921,0.723424,0.550592,0.3105,0.1815,3.0,1.0,6.0,6.0,0.0,2.0
336,4.0703,3.43,0.710272,0.553792,0.3223,0.1891,3.0,1.0,6.0,6.0,0.0,2.0
337,4.4927,3.6356,0.73632,0.574336,0.3232,0.1779,3.0,1.0,6.0,6.0,0.0,2.0
338,4.0184,3.4811,0.710944,0.550336,0.3159,0.1809,3.0,1.0,6.0,6.0,0.0,2.0
339,3.4973,3.772,0.709152,0.546496,0.3143,0.1829,3.0,1.0,6.0,6.0,0.0,2.0
340,4.3162,3.8589,0.714176,0.544896,0.3127,0.1886,3.0,1.0,6.0,6.0,0.0,2.0
341,3.8789,3.8358,0.716416,0.543936,0.3196,0.1853,3.0,1.0,6.0,6.0,0.0,2.0
342,3.5558,3.5216,0.706976,0.549824,0.3269,0.1775,3.0,1.0,6.0,6.0,0.0,2.0
343,3.723,3.4543,0.718304,0.564544,0.314,0.182,3.0,1.0,6.0,6.0,0.0,2.0
344,3.8268,3.1888,0.707552,0.541568,0.3228,0.18,3.0,1.0,6.0,6.0,0.0,2.0
345,3.8804,3.4724,0.715936,0.542016,0.323,0.1836,3.0,1.0,6.0,6.0,0.0,2.0
346,3.8873,3.6828,0.709952,0.6784,0.348,0.1802,3.0,1.0,6.0,6.0,0.0,2.0
347,3.7535,3.3485,0.70272,0.538592,0.3181,0.1775,3.0,1.0,6.0,6.0,0.0,2.0
348,3.8554,3.8107,0.70784,0.544256,0.3121,0.1867,3.0,1.0,6.0,6.0,0.0,2.0
349,3.7662,3.4563,0.71024,0.56704,0.3127,0.1772,3.0,1.0,6.0,6.0,0.0,2.0
350,3.7735,3.4207,0.699232,0.537152,0.3113,0.1781,3.0,1.0,6.0,6.0,0.0,2.0
351,3.6763,3.4498,0.700832,0.534528,0.3172,0.176,3.0,1.0,6.0,6.0,0.0,2.0
352,4.1943,3.594,0.697952,0.535584,0.3145,0.1758,3.0,1.0,6.0,6.0,0.0,2.0
353,3.5982,3.5059,0.707584,0.533056,0.3064,0.1788,3.0,1.0,6.0,6.0,0.0,2.0
354,3.7375,3.411,0.696416,0.540384,0.3255,0.1822,3.0,1.0,6.0,6.0,0.0,2.0
355,3.896,4.2085,0.695232,0.559104,0.3123,0.1861,3.0,1.0,6.0,6.0,0.0,2.0
356,3.6147,3.4812,0.696608,0.533344,0.3105,0.1791,3.0,1.0,6.0,6.0,0.0,2.0
357,4.0205,3.6039,0.708256,0.530976,0.3086,0.1906,3.0,1.0,6.0,6.0,0.0,2.0
358,4.4912,3.3474,0.693984,0.528416,0.4326,0.173,3.0,1.0,6.0,6.0,0.0,2.0
359,3.6374,3.4137,0.69392,0.529376,0.3084,0.1795,3.0,1.0,6.0,6.0,0.0,2.0
360,4.4681,3.5815,0.831392,0.533984,0.3042,0.1908,3.0,1.0,6.0,6.0,0.0,2.0
361,3.7412,3.1755,0.710464,0.551584,0.3274,0.179,3.0,1.0,6.0,6.0,0.0,2.0
362,3.977,3.5517,0.693152,0.528,0.3401,0.1686,3.0,1.0,6.0,6.0,0.0,2.0
363,4.1348,3.3422,0.841472,0.52496,0.3071,0.1808,3.0,1.0,6.0,6.0,0.0,2.0
364,3.9481,3.649,0.687008,0.525408,0.3126,0.1792,3.0,1.0,6.0,6.0,0.0,2.0
365,3.6579,3.5398,0.69888,0.525824,0.3216,0.17,3.0,1.0,6.0,6.0,0.0,2.0
366,3.7749,3.179,0.685536,0.529312,0.3108,0.1796,3.0,1.0,6.0,6.0,0.0,2.0
367,4.0121,3.9365,0.690464,0.5536,0.3279,0.2288,3.0,1.0,6.0,6.0,0.0,2.0
368,4.0151,3.2733,0.685568,0.522752,0.3556,0.1798,3.0,1.0,6.0,6.0,0.0,2.0
369,3.8659,3.2556,0.694432,0.520384,0.319,0.1903,3.0,1.0,6.0,6.0,0.0,2.0
370,3.9481,3.3495,0.687424,0.519264,0.3217,0.1728,3.0,1.0,6.0,6.0,0.0,2.0
371,3.6508,3.3842,0.684416,0.521312,0.3157,0.176,3.0,1.0,6.0,6.0,0.0,2.0
372,3.9987,3.6819,0.680896,0.52672,0.3189,0.1692,3.0,1.0,6.0,6.0,0.0,2.0
373,3.7115,3.7674,0.705664,0.548608,0.3113,0.1725,3.0,1.0,6.0,6.0,0.0,2.0
374,3.8073,3.3906,0.681472,0.521312,0.3217,0.177,3.0,1.0,6.0,6.0,0.0,2.0
375,3.8874,3.1055,0.680192,0.5168,0.3119,0.1731,3.0,1.0,6.0,6.0,0.0,2.0
376,3.7973,3.4386,0.678048,0.520416,0.3158,0.1667,3.0,1.0,6.0,6.0,0.0,2.0
377,3.9926,3.765,0.68432,0.518656,0.3206,0.1686,3.0,1.0,6.0,6.0,0.0,2.0
378,3.7435,3.3596,0.678912,0.52304,0.3125,0.1754,3.0,1.0,6.0,6.0,0.0,2.0
379,3.7904,3.6379,0.680768,0.540224,0.3137,0.1776,3.0,1.0,6.0,6.0,0.0,2.0
380,4.0522,3.2834,0.682944,0.516832,0.3101,0.1685,3.0,1.0,6.0,6.0,0.0,2.0
381,3.6717,3.1625,0.690688,0.515776,0.3063,0.1702,3.0,1.0,6.0,6.0,0.0,2.0
382,3.5802,3.5317,0.678176,0.514816,0.3041,0.1757,3.0,1.0,6.0,6.0,0.0,2.0
383,3.9037,3.5616,0.705664,0.5152,0.3099,0.1784,3.0,1.0,6.0,6.0,0.0,2.0
384,3.9909,3.4741,0.678336,0.52144,0.3217,0.1742,3.0,1.0,6.0,6.0,0.0,2.0
385,3.866,3.5748,0.690368,0.537568,0.3239,0.1767,3.0,1.0,6.0,6.0,0.0,2.0
386,4.0483,3.7489,0.676832,0.512864,0.316,0.2406,3.0,1.0,6.0,6.0,0.0,2.0
387,3.7323,3.5634,0.686368,0.510208,0.3216,0.1725,3.0,1.0,6.0,6.0,0.0,2.0
388,3.7189,3.2668,0.675424,0.512832,0.3191,0.1864,3.0,1.0,6.0,6.0,0.0,2.0
389,3.6959,3.6904,0.682976,0.50928,0.309,0.1773,3.0,1.0,6.0,6.0,0.0,2.0
390,3.6252,3.4721,0.673056,0.51584,0.3197,0.1717,3.0,1.0,6.0,6.0,0.0,2.0
391,3.5567,3.5252,0.670336,0.534592,0.3066,0.1772,3.0,1.0,6.0,6.0,0.0,2.0
392,3.7809,3.3479,0.671904,0.51008,0.3125,0.1774,3.0,1.0,6.0,6.0,0.0,2.0
393,3.9178,3.3717,0.694464,0.510016,0.3287,0.1775,3.0,1.0,6.0,6.0,0.0,2.0
394,3.6643,3.4325,0.669856,0.50784,0.3044,0.1643,3.0,1.0,6.0,6.0,0.0,2.0
395,3.6328,3.3612,0.672896,0.508064,0.3105,0.1732,3.0,1.0,6.0,6.0,0.0,2.0
396,3.9514,3.7087,0.668832,0.51472,0.3117,0.1702,3.0,1.0,6.0,6.0,0.0,2.0
397,3.7271,3.3342,0.68304,0.533856,0.309,0.1729,3.0,1.0,6.0,6.0,0.0,2.0
398,3.6718,3.6407,0.67104,0.50912,0.3107,0.214,3.0,1.0,6.0,6.0,0.0,2.0
399,3.86,3.1748,0.681824,0.505184,0.305,0.1634,3.0,1.0,6.0,6.0,0.0,2.0
400,3.5795,3.285,0.666592,0.507552,0.3137,0.165,3.0,1.0,6.0,6.0,0.0,2.0
401,3.7994,3.7772,0.682368,0.50688,0.3205,0.1674,3.0,1.0,6.0,6.0,0.0,2.0
402,3.583,3.384,0.67088,0.513056,0.3106,0.1798,3.0,1.0,6.0,6.0,0.0,2.0
403,3.8379,3.308,0.67376,0.532512,0.3131,0.1749,3.0,1.0,6.0,6.0,0.0,2.0
404,4.0627,3.2954,0.81136,0.506272,0.3112,0.1678,3.0,1.0,6.0,6.0,0.0,2.0
405,3.5835,3.4535,0.678912,0.505536,0.3041,0.18,3.0,1.0,6.0,6.0,0.0,2.0
406,3.5859,3.6185,0.67024,0.502304,0.3033,0.1736,3.0,1.0,6.0,6.0,0.0,2.0
407,3.5409,3.4494,0.66368,0.502816,0.306,0.1834,3.0,1.0,6.0,6.0,0.0,2.0
408,3.8264,3.5966,0.668544,0.507904,0.3168,0.1645,3.0,1.0,6.0,6.0,0.0,2.0
409,4.0896,3.293,0.69376,0.529728,0.3535,0.1712,3.0,1.0,6.0,6.0,0.0,2.0
410,3.5639,3.462,0.663936,0.504512,0.2996,0.1738,3.0,1.0,6.0,6.0,0.0,2.0
411,3.5539,3.2642,0.667296,0.50064,0.2951,0.1706,3.0,1.0,6.0,6.0,0.0,2.0
412,4.1317,3.266,0.666944,0.501536,0.3007,0.1639,3.0,1.0,6.0,6.0,0.0,2.0
413,3.7663,3.5205,0.684224,0.501024,0.2958,0.1693,3.0,1.0,6.0,6.0,0.0,2.0
414,3.8131,3.4132,0.663328,0.510112,0.2985,0.1708,3.0,1.0,6.0,6.0,0.0,2.0
415,3.4522,3.4318,0.665056,0.519776,0.3039,0.1681,3.0,1.0,6.0,6.0,0.0,2.0
416,3.7519,3.2597,0.667136,0.50144,0.2989,0.1707,3.0,1.0,6.0,6.0,0.0,2.0
417,3.8919,3.6469,0.6696,0.500576,0.3064,0.1989,3.0,1.0,6.0,6.0,0.0,2.0
418,3.7995,3.541,0.66368,0.500608,0.3139,0.1631,3.0,1.0,6.0,6.0,0.0,2.0
419,3.9179,3.5036,0.664416,0.500128,0.3057,0.1792,3.0,1.0,6.0,6.0,0.0,2.0
420,3.9256,3.448,0.665312,0.50528,0.3006,0.1686,3.0,1.0,6.0,6.0,0.0,2.0
421,3.7516,3.1408,0.687648,0.52464,0.3006,0.1608,3.0,1.0,6.0,6.0,0.0,2.0
422,4.095,3.7311,0.804704,0.499072,0.3022,0.1619,3.0,1.0,6.0,6.0,0.0,2.0
423,3.5352,3.6634,0.67488,0.49904,0.3001,0.1683,3.0,1.0,6.0,6.0,0.0,2.0
424,3.7793,3.1219,0.660288,0.497888,0.314,0.1693,3.0,1.0,6.0,6.0,0.0,2.0
425,3.9842,3.586,0.668512,0.496096,0.339,0.1644,3.0,1.0,6.0,6.0,0.0,2.0
426,3.4444,3.2063,0.661856,0.505152,0.3037,0.1686,3.0,1.0,6.0,6.0,0.0,2.0
427,3.3333,3.476,0.660736,0.520416,0.3017,0.1624,3.0,1.0,6.0,6.0,0.0,2.0
428,3.7448,3.5232,0.663712,0.498048,0.2971,0.1694,3.0,1.0,6.0,6.0,0.0,2.0
429,3.375,3.2396,0.680064,0.4984,0.3027,0.1708,3.0,1.0,6.0,6.0,0.0,2.0
430,3.5542,3.4645,0.662304,0.494944,0.2985,0.1797,3.0,1.0,6.0,6.0,0.0,2.0
431,3.735,3.6205,0.66192,0.500384,0.3047,0.1792,3.0,1.0,6.0,6.0,0.0,2.0
432,3.6585,3.3918,0.661568,0.503424,0.3069,0.1835,3.0,1.0,6.0,6.0,0.0,2.0
433,3.8218,3.4698,0.679488,0.518208,0.3106,0.1664,3.0,1.0,6.0,6.0,0.0,2.0
434,3.7335,3.7263,0.664768,0.500096,0.3166,0.1817,3.0,1.0,6.0,6.0,0.0,2.0
435,4.2143,3.6857,0.662848,0.499008,0.447,0.1786,3.0,1.0,6.0,6.0,0.0,2.0
436,3.8943,3.3362,0.662112,0.497216,0.3032,0.1786,3.0,1.0,6.0,6.0,0.0,2.0
437,3.6599,3.8616,0.672992,0.498048,0.3077,0.2359,3.0,1.0,6.0,6.0,0.0,2.0
438,3.8479,3.3867,0.662272,0.502624,0.3018,0.1668,3.0,1.0,6.0,6.0,0.0,2.0
439,3.7593,3.4564,0.66368,0.51952,0.3058,0.1725,3.0,1.0,6.0,6.0,0.0,2.0
440,3.6922,3.5559,0.660544,0.497664,0.3047,0.1735,3.0,1.0,6.0,6.0,0.0,2.0
441,3.7569,3.2272,0.674304,0.496992,0.3017,0.1781,3.0,1.0,6.0,6.0,0.0,2.0
442,3.5666,3.7491,0.665952,0.500032,0.311,0.2067,3.0,1.0,6.0,6.0,0.0,2.0
443,3.5155,3.4366,0.665728,0.49776,0.3213,0.1688,3.0,1.0,6.0,6.0,0.0,2.0
444,3.6152,3.3113,0.659744,0.505152,0.3006,0.1754,3.0,1.0,6.0,6.0,0.0,2.0
445,3.5241,3.3503,0.674208,0.514784,0.3127,0.1677,3.0,1.0,6.0,6.0,0.0,2.0
446,3.8569,3.1524,0.664768,0.499008,0.305,0.1738,3.0,1.0,6.0,6.0,0.0,2.0
447,3.6326,3.5798,0.667232,0.497376,0.3094,0.1685,3.0,1.0,6.0,6.0,0.0,2.0
448,3.8213,3.2016,0.666368,0.498048,0.3043,0.1685,3.0,1.0,6.0,6.0,0.0,2.0
449,3.7191,3.4867,0.697728,0.500544,0.3075,0.168,3.0,1.0,6.0,6.0,0.0,2.0
450,3.7186,3.4705,0.663232,0.503424,0.3119,0.1774,3.0,1.0,6.0,6.0,0.0,2.0
451,3.6167,3.26,0.665184,0.525824,0.3293,0.1705,3.0,1.0,6.0,6.0,0.0,2.0
452,3.7513,3.5891,0.667456,0.500768,0.3114,0.1733,3.0,1.0,6.0,6.0,0.0,2.0
453,3.8508,3.4525,0.674528,0.497792,0.3201,0.1709,3.0,1.0,6.0,6.0,0.0,2.0
454,3.7085,3.6436,0.664768,0.499072,0.3031,0.1752,3.0,1.0,6.0,6.0,0.0,2.0
455,4.0541,3.7181,0.674176,0.498272,0.3107,0.1792,3.0,1.0,6.0,6.0,0.0,2.0
456,3.4923,3.1636,0.660704,0.502112,0.3062,0.1754,3.0,1.0,6.0,6.0,0.0,2.0
457,3.7248,3.428,0.67792,0.521696,0.3087,0.1734,3.0,1.0,6.0,6.0,0.0,2.0
458,3.7174,3.5221,0.665216,0.498592,0.3102,0.1804,3.0,1.0,6.0,6.0,0.0,2.0
459,3.2852,3.752,0.662304,0.499168,0.3016,0.1791,3.0,1.0,6.0,6.0,0.0,2.0
460,3.724,3.4033,0.663968,0.49744,0.2989,0.1766,3.0,1.0,6.0,6.0,0.0,2.0
461,3.5985,3.4526,0.673056,0.499392,0.3072,0.1774,3.0,1.0,6.0,6.0,0.0,2.0
462,3.5656,3.4521,0.662848,0.502784,0.3315,0.1719,3.0,1.0,6.0,6.0,0.0,2.0
463,3.5991,3.4953,0.66432,0.52816,0.3033,0.1817,3.0,1.0,6.0,6.0,0.0,2.0
464,3.6252,3.7055,0.664,0.501632,0.3081,0.1761,3.0,1.0,6.0,6.0,0.0,2.0
465,3.741,3.3478,0.689408,0.499264,0.3109,0.169,3.0,1.0,6.0,6.0,0.0,2.0
466,3.5455,3.4953,0.664608,0.500736,0.3016,0.1713,3.0,1.0,6.0,6.0,0.0,2.0
467,3.5473,3.5611,0.666176,0.498784,0.3103,0.1695,3.0,1.0,6.0,6.0,0.0,2.0
468,3.8389,3.4884,0.662688,0.50624,0.3012,0.1774,3.0,1.0,6.0,6.0,0.0,2.0
469,3.351,3.2726,0.683392,0.526464,0.3084,0.1776,3.0,1.0,6.0,6.0,0.0,2.0
470,3.3783,3.484,0.666016,0.502496,0.3078,0.17,3.0,1.0,6.0,6.0,0.0,2.0
471,3.6094,3.443,0.66176,0.500544,0.3046,0.1699,3.0,1.0,6.0,6.0,0.0,2.0
472,3.7499,3.3364,0.666144,0.503328,0.3181,0.1767,3.0,1.0,6.0,6.0,0.0,2.0
473,3.6718,3.8983,0.673728,0.501696,0.3102,0.1694,3.0,1.0,6.0,6.0,0.0,2.0
474,3.8094,3.3307,0.666688,0.507552,0.3098,0.1689,3.0,1.0,6.0,6.0,0.0,2.0
475,3.8771,3.6872,0.664896,0.53648,0.3144,0.1727,3.0,1.0,6.0,6.0,0.0,2.0
476,3.8757,3.2058,0.665888,0.502976,0.3079,0.1686,3.0,1.0,6.0,6.0,0.0,2.0
477,3.4679,3.2054,0.6808,0.502848,0.3094,0.1719,3.0,1.0,6.0,6.0,0.0,2.0
478,3.5433,3.3778,0.66496,0.503008,0.3054,0.1643,3.0,1.0,6.0,6.0,0.0,2.0
479,3.4488,3.4132,0.668992,0.502912,0.3028,0.1611,3.0,1.0,6.0,6.0,0.0,2.0
480,4.1397,3.6473,0.66608,0.50992,0.3007,0.1662,3.0,1.0,6.0,6.0,0.0,2.0
481,3.7546,3.5331,0.67856,0.526304,0.3097,0.168,3.0,1.0,6.0,6.0,0.0,2.0
482,3.5283,3.1893,0.668032,0.505216,0.316,0.1709,3.0,1.0,6.0,6.0,0.0,2.0
483,3.7834,3.5923,0.687136,0.50368,0.3043,0.1682,3.0,1.0,6.0,6.0,0.0,2.0
484,3.6393,3.7989,0.667648,0.506656,0.3037,0.1772,3.0,1.0,6.0,6.0,0.0,2.0
485,3.7215,3.7496,0.691072,0.506048,0.3151,0.2464,3.0,1.0,6.0,6.0,0.0,2.0
486,3.5308,3.3509,0.66752,0.51072,0.3101,0.1707,3.0,1.0,6.0,6.0,0.0,2.0
487,3.6436,3.5525,0.681344,0.536288,0.3094,0.1762,3.0,1.0,6.0,6.0,0.0,2.0
488,3.8701,3.3997,0.673792,0.506304,0.3116,0.1717,3.0,1.0,6.0,6.0,0.0,2.0
489,3.6354,3.4723,0.684512,0.50704,0.3083,0.1787,3.0,1.0,6.0,6.0,0.0,2.0
490,4.0078,3.3528,0.675264,0.506272,0.3137,0.181,3.0,1.0,6.0,6.0,0.0,2.0
491,3.5669,3.6739,0.673056,0.508352,0.3144,0.1809,3.0,1.0,6.0,6.0,0.0,2.0
492,3.8648,3.4114,0.669952,0.5144,0.3101,0.1734,3.0,1.0,6.0,6.0,0.0,2.0
493,3.7634,3.6978,0.701088,0.544896,0.3151,0.1884,3.0,1.0,6.0,6.0,0.0,2.0
494,3.8492,3.4287,0.828832,0.509312,0.3056,0.1754,3.0,1.0,6.0,6.0,0.0,2.0
495,3.7341,3.5826,0.675488,0.511328,0.3085,0.1782,3.0,1.0,6.0,6.0,0.0,2.0
496,3.5985,3.6211,0.673216,0.509056,0.3138,0.1718,3.0,1.0,6.0,6.0,0.0,2.0
497,3.7099,3.9334,0.710816,0.512512,0.3135,0.1797,3.0,1.0,6.0,6.0,0.0,2.0
498,3.7508,3.4772,0.675168,0.516768,0.319,0.1794,3.0,1.0,6.0,6.0,0.0,2.0
499,3.6107,3.6479,0.675616,0.538304,0.3137,0.1809,3.0,1.0,6.0,6.0,0.0,2.0
500,3.7205,3.3239,0.672736,0.5136,0.3275,0.183,3.0,1.0,6.0,6.0,0.0,2.0
501,3.756,3.6014,0.688896,0.51344,0.3142,0.1818,3.0,1.0,6.0,6.0,0.0,2.0
502,3.9536,3.6889,0.682368,0.512768,0.3104,0.1834,3.0,1.0,6.0,6.0,0.0,2.0
503,3.8213,3.6606,0.691168,0.512704,0.3205,0.1822,3.0,1.0,6.0,6.0,0.0,2.0
504,3.6104,3.1713,0.676576,0.519936,0.323,0.1761,3.0,1.0,6.0,6.0,0.0,2.0
505,3.7593,3.5481,0.6976,0.540128,0.3155,0.1824,3.0,1.0,6.0,6.0,0.0,2.0
506,4.0063,3.4897,0.680544,0.518464,0.3147,0.1865,3.0,1.0,6.0,6.0,0.0,2.0
507,3.7018,3.3947,0.678752,0.514976,0.3123,0.1833,3.0,1.0,6.0,6.0,0.0,2.0
508,3.8156,3.2987,0.691392,0.515168,0.3152,0.1842,3.0,1.0,6.0,6.0,0.0,2.0
509,3.7181,4.1242,0.690208,0.51728,0.3093,0.2097,3.0,1.0,6.0,6.0,0.0,2.0
510,3.6454,3.4265,0.684864,0.523232,0.3214,0.187,3.0,1.0,6.0,6.0,0.0,2.0
511,3.5236,3.5171,0.681696,0.542144,0.3139,0.1836,3.0,1.0,6.0,6.0,0.0,2.0
512,3.7121,3.7208,0.680352,0.518016,0.3125,0.1839,3.0,1.0,6.0,6.0,0.0,2.0
513,3.4818,3.4126,0.700736,0.518496,0.3082,0.1904,3.0,1.0,6.0,6.0,0.0,2.0
514,3.7191,3.3525,0.683488,0.520064,0.3128,0.179,3.0,1.0,6.0,6.0,0.0,2.0
515,3.9039,3.5448,0.685312,0.519264,0.3119,0.1836,3.0,1.0,6.0,6.0,0.0,2.0
516,3.7736,3.6486,0.682112,0.527456,0.3196,0.1775,3.0,1.0,6.0,6.0,0.0,2.0
517,3.6202,3.5604,0.708992,0.542848,0.313,0.1748,3.0,1.0,6.0,6.0,0.0,2.0
518,3.5805,3.252,0.684768,0.521024,0.3121,0.1737,3.0,1.0,6.0,6.0,0.0,2.0
519,3.6612,3.5488,0.683456,0.521472,0.3114,0.1771,3.0,1.0,6.0,6.0,0.0,2.0
520,3.8771,3.5214,0.685792,0.522496,0.3154,0.1964,3.0,1.0,6.0,6.0,0.0,2.0
521,3.6782,3.7084,0.697152,0.5224,0.3139,0.181,3.0,1.0,6.0,6.0,0.0,2.0
522,4.0179,3.3044,0.687072,0.529056,0.3071,0.1776,3.0,1.0,6.0,6.0,0.0,2.0
523,3.7885,3.2825,0.703488,0.546784,0.3076,0.1728,3.0,1.0,6.0,6.0,0.0,2.0
524,3.6634,3.3231,0.68768,0.526592,0.3166,0.1854,3.0,1.0,6.0,6.0,0.0,2.0
525,3.8175,3.4551,0.712032,0.526304,0.3153,0.1708,3.0,1.0,6.0,6.0,0.0,2.0
526,3.7874,3.3356,0.691616,0.530112,0.3104,0.1828,3.0,1.0,6.0,6.0,0.0,2.0
527,3.5836,3.6529,0.689216,0.52832,0.3122,0.1763,3.0,1.0,6.0,6.0,0.0,2.0
528,4.1757,3.762,0.692544,0.53136,0.3139,0.1698,3.0,1.0,6.0,6.0,0.0,2.0
529,3.8741,3.8806,0.701056,0.552608,0.3156,0.1763,3.0,1.0,6.0,6.0,0.0,2.0
530,3.6314,3.7714,0.69168,0.529568,0.3092,0.222,3.0,1.0,6.0,6.0,0.0,2.0
531,3.9793,3.5484,0.694496,0.527904,0.3097,0.178,3.0,1.0,6.0,6.0,0.0,2.0
532,4.0499,3.4975,0.696128,0.531904,0.3095,0.1859,3.0,1.0,6.0,6.0,0.0,2.0
533,3.3561,3.8712,0.709024,0.533184,0.3044,0.1681,3.0,1.0,6.0,6.0,0.0,2.0
534,3.7892,3.6345,0.69616,0.539488,0.4146,0.1842,3.0,1.0,6.0,6.0,0.0,2.0
535,4.0718,3.6565,0.713408,0.562272,0.3136,0.1968,3.0,1.0,6.0,6.0,0.0,2.0
536,3.7509,3.9003,0.69952,0.534816,0.3203,0.1827,3.0,1.0,6.0,6.0,0.0,2.0
537,3.5872,3.2022,0.712544,0.53312,0.3081,0.1805,3.0,1.0,6.0,6.0,0.0,2.0
538,3.5348,3.6442,0.699968,0.53776,0.3046,0.1801,3.0,1.0,6.0,6.0,0.0,2.0
539,3.7563,3.8571,0.701056,0.53648,0.3075,0.1792,3.0,1.0,6.0,6.0,0.0,2.0
540,3.9987,3.3756,0.699776,0.54304,0.35,0.1929,3.0,1.0,6.0,6.0,0.0,2.0
541,3.4452,3.293,0.718464,0.563008,0.3231,0.1753,3.0,1.0,6.0,6.0,0.0,2.0
542,3.7362,3.2982,0.70448,0.54176,0.3074,0.1725,3.0,1.0,6.0,6.0,0.0,2.0
543,3.7131,3.3133,0.706208,0.539968,0.3091,0.1727,3.0,1.0,6.0,6.0,0.0,2.0
544,4.2527,3.8777,0.7088,0.53904,0.3246,0.2527,3.0,1.0,6.0,6.0,0.0,2.0
545,4.1438,3.8929,0.727232,0.542592,0.3098,0.1767,3.0,1.0,6.0,6.0,0.0,2.0
546,4.1609,3.6483,0.703136,0.546048,0.3153,0.1848,3.0,1.0,6.0,6.0,0.0,2.0
547,4.0858,3.9055,0.708448,0.571296,0.3188,0.1917,3.0,1.0,6.0,6.0,0.0,2.0
548,3.7023,3.9437,0.704128,0.546016,0.3093,0.2629,3.0,1.0,6.0,6.0,0.0,2.0
549,3.5528,3.4674,0.719776,0.543712,0.3088,0.1725,3.0,1.0,6.0,6.0,0.0,2.0
550,3.5864,3.5871,0.709792,0.548096,0.307,0.1829,3.0,1.0,6.0,6.0,0.0,2.0
551,3.7556,3.8485,0.71056,0.54528,0.3083,0.1741,3.0,1.0,6.0,6.0,0.0,2.0
552,3.6855,3.4766,0.708544,0.554016,0.3066,0.1811,3.0,1.0,6.0,6.0,0.0,2.0
553,3.4542,3.4843,0.721792,0.570944,0.3012,0.1759,3.0,1.0,6.0,6.0,0.0,2.0
554,3.7849,3.3137,0.710592,0.547328,0.3046,0.1735,3.0,1.0,6.0,6.0,0.0,2.0
555,3.4946,3.4079,0.711616,0.549664,0.3065,0.1812,3.0,1.0,6.0,6.0,0.0,2.0
556,3.8956,3.864,0.714592,0.551744,0.3048,0.1784,3.0,1.0,6.0,6.0,0.0,2.0
557,4.1227,3.6716,0.723872,0.549376,0.3476,0.1819,3.0,1.0,6.0,6.0,0.0,2.0
558,3.3716,3.2674,0.715808,0.556672,0.3072,0.179,3.0,1.0,6.0,6.0,0.0,2.0
559,3.631,3.6059,0.726688,0.576832,0.3078,0.182,3.0,1.0,6.0,6.0,0.0,2.0
560,3.7162,3.2792,0.717536,0.553984,0.3074,0.1774,3.0,1.0,6.0,6.0,0.0,2.0
561,3.7544,3.5263,0.73648,0.55552,0.3107,0.1829,3.0,1.0,6.0,6.0,0.0,2.0
562,3.4855,3.4775,0.71728,0.554752,0.3058,0.1816,3.0,1.0,6.0,6.0,0.0,2.0
563,3.5119,3.7478,0.71792,0.557184,0.3118,0.1814,3.0,1.0,6.0,6.0,0.0,2.0
564,4.2664,3.5489,0.72112,0.560672,0.3153,0.1808,3.0,1.0,6.0,6.0,0.0,2.0
565,3.7728,3.3978,0.734688,0.585056,0.3322,0.1862,3.0,1.0,6.0,6.0,0.0,2.0
566,3.5449,3.8015,0.72144,0.56048,0.3055,0.1862,3.0,1.0,6.0,6.0,0.0,2.0
567,3.8549,3.4789,0.742784,0.559008,0.3085,0.1767,3.0,1.0,6.0,6.0,0.0,2.0
568,4.2109,3.5432,0.725824,0.56416,0.3077,0.1838,3.0,1.0,6.0,6.0,0.0,2.0
569,3.876,3.947,0.737184,0.561504,0.3182,0.175,3.0,1.0,6.0,6.0,0.0,2.0
570,4.0757,3.2592,0.729088,0.567392,0.3338,0.1856,3.0,1.0,6.0,6.0,0.0,2.0
571,4.1442,3.7996,0.726432,0.59392,0.3334,0.1805,3.0,1.0,6.0,6.0,0.0,2.0
572,4.5597,3.9054,0.727616,0.567232,0.3195,0.1882,3.0,1.0,6.0,6.0,0.0,2.0
573,4.3038,3.3973,0.746016,0.565984,0.3226,0.1827,3.0,1.0,6.0,6.0,0.0,2.0
574,3.8884,3.7412,0.731232,0.566592,0.326,0.1775,3.0,1.0,6.0,6.0,0.0,2.0
575,3.5166,3.596,0.729536,0.5696,0.3173,0.1737,3.0,1.0,6.0,6.0,0.0,2.0
576,3.9356,3.55,0.734112,0.57888,0.3152,0.1849,3.0,1.0,6.0,6.0,0.0,2.0
577,3.6251,3.3842,0.749056,0.581792,0.3258,0.1718,3.0,1.0,6.0,6.0,0.0,2.0
578,3.6177,3.2514,0.733984,0.57504,0.3065,0.1741,3.0,1.0,6.0,6.0,0.0,2.0
579,3.8476,3.6835,0.736256,0.5704,0.3109,0.1782,3.0,1.0,6.0,6.0,0.0,2.0
580,3.7842,3.5881,0.736896,0.57392,0.3229,0.1866,3.0,1.0,6.0,6.0,0.0,2.0
581,4.164,3.9184,0.756736,0.575232,0.3237,0.1874,3.0,1.0,6.0,6.0,0.0,2.0
582,3.9056,3.8773,0.740672,0.581344,0.3261,0.1788,3.0,1.0,6.0,6.0,0.0,2.0
583,3.5376,3.4291,0.737888,0.602912,0.3136,0.1936,3.0,1.0,6.0,6.0,0.0,2.0
584,4.1117,3.6679,0.742272,0.577728,0.3224,0.1919,3.0,1.0,6.0,6.0,0.0,2.0
585,3.9161,3.3302,0.762016,0.577376,0.3146,0.1835,3.0,1.0,6.0,6.0,0.0,2.0
586,3.7939,3.4917,0.740672,0.577632,0.3215,0.1836,3.0,1.0,6.0,6.0,0.0,2.0
587,3.9557,3.9722,0.723296,0.561024,0.3107,0.1828,3.0,1.0,6.0,6.0,0.0,2.0
588,3.719,3.4524,0.718208,0.557376,0.315,0.1875,3.0,1.0,6.0,6.0,0.0,2.0
589,3.6092,3.7533,0.72032,0.572064,0.3218,0.2082,3.0,1.0,6.0,6.0,0.0,2.0
590,4.0675,3.4008,0.70544,0.545216,0.3213,0.1883,3.0,1.0,6.0,6.0,0.0,2.0
591,3.4655,3.5123,0.707328,0.54608,0.3197,0.1887,3.0,1.0,6.0,6.0,0.0,2.0
592,4.0804,3.7056,0.717376,0.551936,0.3333,0.1859,3.0,1.0,6.0,6.0,0.0,2.0
593,4.0328,3.8095,0.729088,0.560288,0.3172,0.1867,3.0,1.0,6.0,6.0,0.0,2.0
594,3.7063,3.734,0.735616,0.573632,0.3226,0.1885,3.0,1.0,6.0,6.0,0.0,2.0
595,3.8651,3.8941,0.751136,0.738368,0.3178,0.1884,3.0,1.0,6.0,6.0,0.0,2.0
596,4.2208,3.6513,0.755712,0.58992,0.3203,0.2113,3.0,1.0,6.0,6.0,0.0,2.0
597,4.1742,3.7699,0.766848,0.590144,0.3281,0.1848,3.0,1.0,6.0,6.0,0.0,2.0
598,4.6382,3.2678,0.756096,0.591072,0.3223,0.1861,3.0,1.0,6.0,6.0,0.0,2.0
599,4.448,3.9311,0.764,0.593152,0.3257,0.1806,3.0,1.0,6.0,6.0,0.0,2.0
600,3.8549,3.5601,0.756,0.596224,0.3184,0.1894,3.0,1.0,6.0,6.0,0.0,2.0
601,4.139,3.5828,0.775968,0.618656,0.3199,0.1946,3.0,1.0,6.0,6.0,0.0,2.0
602,3.8083,3.7121,0.753856,0.595392,0.3224,0.1856,3.0,1.0,6.0,6.0,0.0,2.0
603,3.5651,3.4542,0.758016,0.595712,0.3275,0.185,3.0,1.0,6.0,6.0,0.0,2.0
604,4.0003,3.605,0.7584,0.592384,0.3494,0.1821,3.0,1.0,6.0,6.0,0.0,2.0
605,4.2324,3.9068,0.768064,0.594432,0.3259,0.1859,3.0,1.0,6.0,6.0,0.0,2.0
606,3.8358,3.9065,0.757824,0.599232,0.3251,0.1879,3.0,1.0,6.0,6.0,0.0,2.0
607,3.855,3.424,0.753952,0.615744,0.3181,0.1869,3.0,1.0,6.0,6.0,0.0,2.0
608,3.6904,3.2667,0.758944,0.596032,0.3263,0.1874,3.0,1.0,6.0,6.0,0.0,2.0
609,3.6169,3.9818,0.770208,0.594752,0.3199,0.1756,3.0,1.0,6.0,6.0,0.0,2.0
610,3.6138,3.6437,0.756928,0.59488,0.3164,0.1926,3.0,1.0,6.0,6.0,0.0,2.0
611,3.8075,3.7691,0.764064,0.595168,0.3202,0.1863,3.0,1.0,6.0,6.0,0.0,2.0
612,3.7417,3.5098,0.755552,0.600128,0.3137,0.1853,3.0,1.0,6.0,6.0,0.0,2.0
613,3.797,3.5365,0.77056,0.616736,0.3184,0.1839,3.0,1.0,6.0,6.0,0.0,2.0
614,4.0416,3.5881,0.76336,0.598784,0.3336,0.1861,3.0,1.0,6.0,6.0,0.0,2.0
615,3.7656,3.2936,0.760512,0.596512,0.314,0.1841,3.0,1.0,6.0,6.0,0.0,2.0
616,4.0714,3.7833,0.762016,0.597856,0.3143,0.1846,3.0,1.0,6.0,6.0,0.0,2.0
617,3.9359,3.7014,0.772576,0.599424,0.3591,0.1818,3.0,1.0,6.0,6.0,0.0,2.0
618,3.9072,3.6765,0.76432,0.605792,0.313,0.1886,3.0,1.0,6.0,6.0,0.0,2.0
619,3.8353,3.8091,0.768064,0.618816,0.3147,0.1824,3.0,1.0,6.0,6.0,0.0,2.0
620,4.0505,3.2877,0.764384,0.600512,0.3101,0.1809,3.0,1.0,6.0,6.0,0.0,2.0
621,3.8707,3.7358,0.77696,0.605568,0.3162,0.1856,3.0,1.0,6.0,6.0,0.0,2.0
622,3.9164,3.7698,0.76544,0.603616,0.3203,0.1839,3.0,1.0,6.0,6.0,0.0,2.0
623,3.897,3.5191,0.777152,0.60288,0.3192,0.1878,3.0,1.0,6.0,6.0,0.0,2.0
624,3.8676,3.6727,0.766752,0.613824,0.3222,0.185,3.0,1.0,6.0,6.0,0.0,2.0
625,3.8195,3.2927,0.775456,0.625696,0.3214,0.1782,3.0,1.0,6.0,6.0,0.0,2.0
626,3.9187,4.0959,0.769632,0.609792,0.3212,0.1983,3.0,1.0,6.0,6.0,0.0,2.0
627,3.8118,3.8829,0.769504,0.60896,0.3132,0.1885,3.0,1.0,6.0,6.0,0.0,2.0
628,4.2141,3.3231,0.77344,0.609376,0.3174,0.1901,3.0,1.0,6.0,6.0,0.0,2.0
629,4.2304,4.0991,0.784128,0.61248,0.3261,0.1847,3.0,1.0,6.0,6.0,0.0,2.0
630,3.9757,3.7562,0.778176,0.615456,0.3244,0.1932,3.0,1.0,6.0,6.0,0.0,2.0
631,3.7349,3.3417,0.786976,0.64304,0.3239,0.185,3.0,1.0,6.0,6.0,0.0,2.0
632,4.1758,3.7184,0.777888,0.614272,0.3273,0.1835,3.0,1.0,6.0,6.0,0.0,2.0
633,4.0122,3.3242,0.786112,0.61568,0.3193,0.1822,3.0,1.0,6.0,6.0,0.0,2.0
634,4.4346,3.5957,0.781632,0.615488,0.3212,0.1928,3.0,1.0,6.0,6.0,0.0,2.0
635,4.7119,3.8712,0.783904,0.62128,0.3761,0.1844,3.0,1.0,6.0,6.0,0.0,2.0
636,4.3197,3.3457,0.780672,0.62288,0.3542,0.1829,3.0,1.0,6.0,6.0,0.0,2.0
637,3.889,3.9496,0.795424,0.645728,0.3259,0.176,3.0,1.0,6.0,6.0,0.0,2.0
638,3.5958,3.6945,0.784992,0.62176,0.3225,0.1883,3.0,1.0,6.0,6.0,0.0,2.0
639,3.8674,3.4514,0.78832,0.620512,0.3307,0.198,3.0,1.0,6.0,6.0,0.0,2.0
640,4.0284,3.7939,0.785344,0.623328,0.3274,0.1848,3.0,1.0,6.0,6.0,0.0,2.0
641,3.6861,3.7127,0.802176,0.62304,0.3143,0.1933,3.0,1.0,6.0,6.0,0.0,2.0
642,3.7319,3.801,0.78784,0.629696,0.3196,0.1821,3.0,1.0,6.0,6.0,0.0,2.0
643,4.0101,3.7385,0.796256,0.652384,0.316,0.1933,3.0,1.0,6.0,6.0,0.0,2.0
644,4.1038,3.612,0.794144,0.629504,0.3277,0.1976,3.0,1.0,6.0,6.0,0.0,2.0
645,3.8792,3.6588,0.802624,0.630176,0.3342,0.1837,3.0,1.0,6.0,6.0,0.0,2.0
646,4.0212,3.3654,0.8104,0.631648,0.3243,0.1798,3.0,1.0,6.0,6.0,0.0,2.0
647,3.8491,3.6756,0.798016,0.632768,0.3259,0.1785,3.0,1.0,6.0,6.0,0.0,2.0
648,3.8803,3.6558,0.799392,0.639904,0.33,0.1798,3.0,1.0,6.0,6.0,0.0,2.0
649,3.7832,3.4215,0.821888,0.659232,0.3109,0.1852,3.0,1.0,6.0,6.0,0.0,2.0
650,3.6915,4.0045,0.80112,0.640864,0.3202,0.2799,3.0,1.0,6.0,6.0,0.0,2.0
651,3.9239,3.3754,0.804896,0.639872,0.316,0.1778,3.0,1.0,6.0,6.0,0.0,2.0
652,3.8296,3.5691,0.802624,0.640928,0.3211,0.1755,3.0,1.0,6.0,6.0,0.0,2.0
653,3.7567,3.9352,0.839968,0.642752,0.3264,0.1794,3.0,1.0,6.0,6.0,0.0,2.0
654,4.0492,3.7288,0.811616,0.64832,0.3199,0.1875,3.0,1.0,6.0,6.0,0.0,2.0
655,4.1777,3.735,0.812672,0.675616,0.324,0.1762,3.0,1.0,6.0,6.0,0.0,2.0
656,4.1812,3.8992,0.814048,0.650208,0.324,0.1847,3.0,1.0,6.0,6.0,0.0,2.0
657,3.9728,3.6178,0.828256,0.651776,0.3424,0.1905,3.0,1.0,6.0,6.0,0.0,2.0
658,4.0533,3.4768,0.818976,0.650304,0.32,0.1985,3.0,1.0,6.0,6.0,0.0,2.0
659,4.0251,3.8641,0.828096,0.652544,0.3176,0.1832,3.0,1.0,6.0,6.0,0.0,2.0
660,4.1683,3.6099,0.819264,0.659744,0.3157,0.1704,3.0,1.0,6.0,6.0,0.0,2.0
661,3.7425,3.4127,0.833408,0.678176,0.3224,0.1708,3.0,1.0,6.0,6.0,0.0,2.0
662,3.9243,3.5891,0.82944,0.659552,0.3171,0.1756,3.0,1.0,6.0,6.0,0.0,2.0
663,3.8083,3.6002,0.824704,0.658752,0.3114,0.1774,3.0,1.0,6.0,6.0,0.0,2.0
664,4.3233,3.9044,0.825504,0.818304,0.3685,0.1734,3.0,1.0,6.0,6.0,0.0,2.0
665,3.8908,3.7715,0.848256,0.662048,0.3199,0.1773,3.0,1.0,6.0,6.0,0.0,2.0
666,4.2191,3.5175,0.830816,0.673184,0.317,0.1792,3.0,1.0,6.0,6.0,0.0,2.0
667,3.8434,3.7544,0.832832,0.687168,0.3168,0.1831,3.0,1.0,6.0,6.0,0.0,2.0
668,4.0355,3.5746,0.831136,0.66912,0.3202,0.182,3.0,1.0,6.0,6.0,0.0,2.0
669,3.8646,3.3214,0.845152,0.669344,0.3139,0.1748,3.0,1.0,6.0,6.0,0.0,2.0
670,3.9042,3.8025,0.840032,0.671616,0.314,0.173,3.0,1.0,6.0,6.0,0.0,2.0
671,3.8419,3.9194,0.839264,0.674304,0.318,0.1679,3.0,1.0,6.0,6.0,0.0,2.0
672,3.7523,3.6698,0.83776,0.681728,0.3114,0.1835,3.0,1.0,6.0,6.0,0.0,2.0
673,3.6868,3.873,0.85152,0.692576,0.3135,0.1792,3.0,1.0,6.0,6.0,0.0,2.0
674,4.0211,3.6833,0.843296,0.680256,0.3153,0.1745,3.0,1.0,6.0,6.0,0.0,2.0
675,4.0147,3.8357,0.8432,0.679168,0.3204,0.1808,3.0,1.0,6.0,6.0,0.0,2.0
676,3.757,3.8024,0.845632,0.68016,0.3194,0.1854,3.0,1.0,6.0,6.0,0.0,2.0
677,3.865,3.5583,0.85952,0.682624,0.3483,0.1728,3.0,1.0,6.0,6.0,0.0,2.0
678,3.9231,3.6424,0.845952,0.686912,0.3097,0.1729,3.0,1.0,6.0,6.0,0.0,2.0
679,3.8404,3.5195,0.852416,0.705088,0.317,0.1767,3.0,1.0,6.0,6.0,0.0,2.0
680,3.984,3.4556,0.85024,0.688288,0.3087,0.1837,3.0,1.0,6.0,6.0,0.0,2.0
681,3.7405,3.7763,0.86272,0.685376,0.3043,0.1675,3.0,1.0,6.0,6.0,0.0,2.0
682,4.0274,3.5312,0.854208,0.690848,0.3231,0.175,3.0,1.0,6.0,6.0,0.0,2.0
683,3.9081,4.1129,0.856128,0.691744,0.3071,0.1861,3.0,1.0,6.0,6.0,0.0,2.0
684,3.9437,3.5795,0.854976,0.697408,0.3126,0.1836,3.0,1.0,6.0,6.0,0.0,2.0
685,3.8351,3.3501,0.878592,0.716448,0.312,0.1861,3.0,1.0,6.0,6.0,0.0,2.0
686,3.8935,3.9052,1.014848,0.693728,0.3129,0.1754,3.0,1.0,6.0,6.0,0.0,2.0
687,4.2016,3.4089,0.863104,0.696704,0.3314,0.1848,3.0,1.0,6.0,6.0,0.0,2.0
688,3.8881,3.5174,0.864224,0.696,0.3102,0.1725,3.0,1.0,6.0,6.0,0.0,2.0
689,3.9266,3.6912,0.88,0.6968,0.31,0.1733,3.0,1.0,6.0,6.0,0.0,2.0
690,4.2512,3.8441,0.865952,0.707872,0.3062,0.192,3.0,1.0,6.0,6.0,0.0,2.0
691,3.948,3.7914,0.867904,0.727968,0.31,0.1752,3.0,1.0,6.0,6.0,0.0,2.0
692,4.0968,3.5257,1.002272,0.70624,0.309,0.1776,3.0,1.0,6.0,6.0,0.0,2.0
693,4.0988,3.5677,0.879232,0.704672,0.3091,0.1734,3.0,1.0,6.0,6.0,0.0,2.0
694,4.0851,3.9567,0.872992,0.70608,0.3156,0.1791,3.0,1.0,6.0,6.0,0.0,2.0
695,4.1078,3.9186,0.872192,0.709408,0.3108,0.1753,3.0,1.0,6.0,6.0,0.0,2.0
696,4.151,3.7463,0.871456,0.714944,0.3204,0.1786,3.0,1.0,6.0,6.0,0.0,2.0
697,3.7335,3.7206,0.885952,0.7328,0.3186,0.1798,3.0,1.0,6.0,6.0,0.0,2.0
698,4.2557,3.5569,0.876832,0.709504,0.3142,0.178,3.0,1.0,6.0,6.0,0.0,2.0
699,3.9436,3.9968,0.87856,0.712096,0.3216,0.185,3.0,1.0,6.0,6.0,0.0,2.0
700,3.8451,3.5137,0.876,0.712352,0.3205,0.182,3.0,1.0,6.0,6.0,0.0,2.0
701,4.2118,4.5969,0.905664,0.713152,0.3996,0.1857,3.0,1.0,6.0,6.0,0.0,2.0
702,4.0815,4.0259,0.879456,0.7224,0.3086,0.1833,3.0,1.0,6.0,6.0,0.0,2.0
703,3.7975,3.5864,0.885088,0.743488,0.3167,0.1774,3.0,1.0,6.0,6.0,0.0,2.0
704,4.4323,3.6925,0.881536,0.715904,0.3805,0.1849,3.0,1.0,6.0,6.0,0.0,2.0
705,3.9967,3.5505,0.89424,0.716416,0.3095,0.1747,3.0,1.0,6.0,6.0,0.0,2.0
706,4.0261,3.9314,0.88224,0.720224,0.3166,0.1795,3.0,1.0,6.0,6.0,0.0,2.0
707,5.3402,3.8736,0.883904,0.719232,0.4169,0.1861,3.0,1.0,6.0,6.0,0.0,2.0
708,4.2612,3.5478,0.88656,0.725568,0.3254,0.1783,3.0,1.0,6.0,6.0,0.0,2.0
709,4.2792,4.1844,0.916448,0.752288,0.3209,0.1944,3.0,1.0,6.0,6.0,0.0,2.0
710,4.2145,3.8945,0.88688,0.723488,0.3131,0.179,3.0,1.0,6.0,6.0,0.0,2.0
711,3.9913,3.6766,0.89264,0.72544,0.3222,0.1814,3.0,1.0,6.0,6.0,0.0,2.0
712,4.3088,3.7928,0.891424,0.7256,0.3536,0.1829,3.0,1.0,6.0,6.0,0.0,2.0
713,4.4682,4.0845,1.0336,0.726304,0.3234,0.1802,3.0,1.0,6.0,6.0,0.0,2.0
714,4.1247,3.4938,0.894336,0.732832,0.3193,0.1821,3.0,1.0,6.0,6.0,0.0,2.0
715,3.8356,4.0013,0.892224,0.749376,0.3239,0.188,3.0,1.0,6.0,6.0,0.0,2.0
716,4.0996,3.8328,1.047904,0.730176,0.3161,0.1903,3.0,1.0,6.0,6.0,0.0,2.0
717,4.0419,3.5694,0.905504,0.73216,0.3322,0.1911,3.0,1.0,6.0,6.0,0.0,2.0
718,3.9886,4.1171,0.895104,0.730336,0.3214,0.1938,3.0,1.0,6.0,6.0,0.0,2.0
719,4.1391,3.8851,0.899296,0.734656,0.3296,0.1806,3.0,1.0,6.0,6.0,0.0,2.0
720,3.9611,3.6423,0.897312,0.739264,0.3265,0.1826,3.0,1.0,6.0,6.0,0.0,2.0
721,3.967,3.8029,0.922496,0.76096,0.3281,0.1842,3.0,1.0,6.0,6.0,0.0,2.0
722,4.1601,4.0458,0.900608,0.737696,0.318,0.1941,3.0,1.0,6.0,6.0,0.0,2.0
723,3.776,3.8659,0.901056,0.736832,0.3192,0.188,3.0,1.0,6.0,6.0,0.0,2.0
724,4.1784,4.0527,0.898944,0.737184,0.3225,0.1771,3.0,1.0,6.0,6.0,0.0,2.0
725,4.0093,4.1041,0.914208,0.736864,0.3177,0.1805,3.0,1.0,6.0,6.0,0.0,2.0
726,3.8418,4.1493,0.903232,0.743328,0.322,0.1866,3.0,1.0,6.0,6.0,0.0,2.0
727,4.0219,3.8967,0.91376,0.768544,0.3162,0.1947,3.0,1.0,6.0,6.0,0.0,2.0
728,4.2538,3.5249,0.904896,0.742464,0.3326,0.1832,3.0,1.0,6.0,6.0,0.0,2.0
729,4.2368,3.9248,0.916704,0.74448,0.3233,0.1964,3.0,1.0,6.0,6.0,0.0,2.0
730,4.2085,4.1804,0.906784,0.74064,0.3204,0.1918,3.0,1.0,6.0,6.0,0.0,2.0
731,3.8933,3.6097,0.9136,0.742304,0.3285,0.1884,3.0,1.0,6.0,6.0,0.0,2.0
732,4.4245,4.393,0.908032,0.750496,0.3218,0.1899,3.0,1.0,6.0,6.0,0.0,2.0
733,4.221,3.9377,0.921344,0.76768,0.3767,0.1883,3.0,1.0,6.0,6.0,0.0,2.0
734,3.6705,3.5937,0.909408,0.746304,0.3189,0.1906,3.0,1.0,6.0,6.0,0.0,2.0
735,4.3266,3.7164,0.91696,0.746656,0.3284,0.1908,3.0,1.0,6.0,6.0,0.0,2.0
736,4.1923,3.471,0.912352,0.747552,0.3125,0.1846,3.0,1.0,6.0,6.0,0.0,2.0
737,3.7639,4.2169,0.92208,0.747264,0.3157,0.1903,3.0,1.0,6.0,6.0,0.0,2.0
738,4.2183,3.9557,0.911296,0.754624,0.3122,0.1804,3.0,1.0,6.0,6.0,0.0,2.0
739,4.0219,3.7666,0.914528,0.766336,0.3169,0.1802,3.0,1.0,6.0,6.0,0.0,2.0
740,4.0298,3.8587,0.912672,0.753888,0.4841,0.1882,3.0,1.0,6.0,6.0,0.0,2.0
741,4.3544,3.6939,0.920768,0.751648,0.331,0.1858,3.0,1.0,6.0,6.0,0.0,2.0
742,4.4056,3.7529,0.913216,0.749792,0.39,0.2073,3.0,1.0,6.0,6.0,0.0,2.0
743,4.4947,4.2414,0.916736,0.74992,0.36,0.1834,3.0,1.0,6.0,6.0,0.0,2.0
744,5.5149,3.6747,0.915936,0.754976,0.4071,0.1912,3.0,1.0,6.0,6.0,0.0,2.0
745,5.9711,3.7271,0.930592,0.771552,0.4983,0.1892,3.0,1.0,6.0,6.0,0.0,2.0
746,4.4695,3.8118,0.915168,0.749152,0.4398,0.1879,3.0,1.0,6.0,6.0,0.0,2.0
747,4.0175,3.8464,0.913152,0.74992,0.3281,0.1817,3.0,1.0,6.0,6.0,0.0,2.0
748,4.2932,3.488,0.91648,0.751776,0.3428,0.182,3.0,1.0,6.0,6.0,0.0,2.0
749,4.208,4.0329,0.947968,0.752032,0.3152,0.18,3.0,1.0,6.0,6.0,0.0,2.0
750,3.8201,3.7106,0.916288,0.766016,0.3241,0.1817,3.0,1.0,6.0,6.0,0.0,2.0
751,4.1897,3.7082,0.915744,0.765632,0.3262,0.1824,3.0,1.0,6.0,6.0,0.0,2.0
752,3.8774,3.9943,0.914208,0.751552,0.3147,0.1915,3.0,1.0,6.0,6.0,0.0,2.0
753,4.2409,3.5841,0.936896,0.75264,0.3087,0.1808,3.0,1.0,6.0,6.0,0.0,2.0
754,3.9202,3.8086,0.918496,0.750816,0.3227,0.1803,3.0,1.0,6.0,6.0,0.0,2.0
755,3.6815,4.1384,0.918912,0.7536,0.3146,0.1817,3.0,1.0,6.0,6.0,0.0,2.0
756,4.2614,3.4952,1.05008,0.755936,0.3114,0.1858,3.0,1.0,6.0,6.0,0.0,2.0
757,3.8551,4.0876,0.924576,0.760544,0.3117,0.2459,3.0,1.0,6.0,6.0,0.0,2.0
758,4.0279,3.6729,0.91568,0.748352,0.3156,0.1858,3.0,1.0,6.0,6.0,0.0,2.0
759,4.1284,4.0543,0.937376,0.747776,0.3101,0.1853,3.0,1.0,6.0,6.0,0.0,2.0
760,3.8137,4.0988,0.912224,0.751072,0.3224,0.1954,3.0,1.0,6.0,6.0,0.0,2.0
761,3.8409,3.8208,0.920544,0.748192,0.3125,0.1786,3.0,1.0,6.0,6.0,0.0,2.0
762,4.0802,3.5743,0.90896,0.751136,0.3169,0.1857,3.0,1.0,6.0,6.0,0.0,2.0
763,4.203,3.7614,0.91424,0.760736,0.3156,0.1784,3.0,1.0,6.0,6.0,0.0,2.0
764,4.3745,3.9603,0.908512,0.748736,0.3239,0.1836,3.0,1.0,6.0,6.0,0.0,2.0
765,3.914,3.5015,0.951968,0.745248,0.3184,0.1903,3.0,1.0,6.0,6.0,0.0,2.0
766,4.1472,3.9181,0.908288,0.742016,0.3141,0.1779,3.0,1.0,6.0,6.0,0.0,2.0
767,3.9571,4.413,0.918112,0.741184,0.3152,0.1892,3.0,1.0,6.0,6.0,0.0,2.0
768,4.1487,3.9496,0.904736,0.74752,0.319,0.1909,3.0,1.0,6.0,6.0,0.0,2.0
769,3.7541,4.2128,0.916032,0.76544,0.3237,0.1947,3.0,1.0,6.0,6.0,0.0,2.0
770,4.0123,4.1181,0.901664,0.737632,0.3195,0.2037,3.0,1.0,6.0,6.0,0.0,2.0
771,3.7198,3.769,0.902528,0.735424,0.316,0.1864,3.0,1.0,6.0,6.0,0.0,2.0
772,3.9172,3.5798,0.89536,0.736288,0.3156,0.1875,3.0,1.0,6.0,6.0,0.0,2.0
773,4.0501,4.0139,0.90464,0.732096,0.3108,0.182,3.0,1.0,6.0,6.0,0.0,2.0
774,3.8973,4.1842,0.893056,0.734336,0.3223,0.1954,3.0,1.0,6.0,6.0,0.0,2.0
775,3.9807,3.5335,0.892288,0.755168,0.3206,0.1949,3.0,1.0,6.0,6.0,0.0,2.0
776,4.063,4.252,0.888736,0.727808,0.3118,0.1807,3.0,1.0,6.0,6.0,0.0,2.0
777,4.0987,3.7752,0.899264,0.728032,0.3167,0.1825,3.0,1.0,6.0,6.0,0.0,2.0
778,3.9326,3.5276,0.887136,0.725152,0.32,0.1777,3.0,1.0,6.0,6.0,0.0,2.0
779,3.9637,3.8512,0.886912,0.72176,0.3178,0.1894,3.0,1.0,6.0,6.0,0.0,2.0
780,3.8038,3.6984,0.88656,0.726336,0.3137,0.1837,3.0,1.0,6.0,6.0,0.0,2.0
781,3.9781,3.5081,0.8928,0.741568,0.3174,0.1866,3.0,1.0,6.0,6.0,0.0,2.0
782,4.2855,3.9727,0.885504,0.71888,0.3987,0.1877,3.0,1.0,6.0,6.0,0.0,2.0
783,4.0159,3.5853,0.878976,0.713856,0.3179,0.1813,3.0,1.0,6.0,6.0,0.0,2.0
784,4.2055,3.6596,0.880928,0.719552,0.323,0.1979,3.0,1.0,6.0,6.0,0.0,2.0
785,3.8206,4.0303,0.894784,0.713184,0.3378,0.1848,3.0,1.0,6.0,6.0,0.0,2.0
786,4.1736,3.7188,0.872736,0.720896,0.3222,0.1881,3.0,1.0,6.0,6.0,0.0,2.0
787,3.7454,3.9836,0.87584,0.732416,0.3232,0.1945,3.0,1.0,6.0,6.0,0.0,2.0
788,4.0775,3.624,0.874592,0.71136,0.3206,0.1921,3.0,1.0,6.0,6.0,0.0,2.0
789,3.8959,3.553,0.89136,0.706976,0.3199,0.1873,3.0,1.0,6.0,6.0,0.0,2.0
790,3.8005,3.911,0.871296,0.70672,0.3207,0.1876,3.0,1.0,6.0,6.0,0.0,2.0
791,3.941,3.7693,0.87536,0.706816,0.3124,0.1886,3.0,1.0,6.0,6.0,0.0,2.0
792,3.9241,3.5137,0.86544,0.70976,0.3198,0.1948,3.0,1.0,6.0,6.0,0.0,2.0
793,3.6709,4.2721,0.877664,0.866432,0.3176,0.2094,3.0,1.0,6.0,6.0,0.0,2.0
794,3.7104,3.7178,0.865664,0.704768,0.322,0.1924,3.0,1.0,6.0,6.0,0.0,2.0
795,4.0066,3.4763,0.876704,0.7008,0.3222,0.196,3.0,1.0,6.0,6.0,0.0,2.0
796,3.9304,3.7018,0.86256,0.701312,0.3139,0.1956,3.0,1.0,6.0,6.0,0.0,2.0
797,3.8294,3.8047,0.874688,0.698432,0.3188,0.1879,3.0,1.0,6.0,6.0,0.0,2.0
798,3.988,4.0722,0.863168,0.7032,0.3163,0.2009,3.0,1.0,6.0,6.0,0.0,2.0
799,3.8351,3.9263,0.862304,0.717248,0.323,0.2201,3.0,1.0,6.0,6.0,0.0,2.0
800,4.2344,3.6086,0.861952,0.697728,0.3185,0.1929,3.0,1.0,6.0,6.0,0.0,2.0
801,4.0563,3.663,0.87984,0.696512,0.3301,0.1928,3.0,1.0,6.0,6.0,0.0,2.0
802,3.9325,3.9093,0.85536,0.698368,0.3215,0.1921,3.0,1.0,6.0,6.0,0.0,2.0
803,4.0304,3.9665,0.863008,0.693312,0.3222,0.1961,3.0,1.0,6.0,6.0,0.0,2.0
804,3.9434,3.6039,0.855904,0.699584,0.3181,0.1947,3.0,1.0,6.0,6.0,0.0,2.0
805,4.0893,3.9304,0.870976,0.707328,0.3245,0.192,3.0,1.0,6.0,6.0,0.0,2.0
806,3.8506,3.9565,0.85632,0.69248,0.3237,0.1935,3.0,1.0,6.0,6.0,0.0,2.0
807,3.7507,3.3283,0.863808,0.69024,0.3249,0.189,3.0,1.0,6.0,6.0,0.0,2.0
808,3.8207,3.7942,0.85232,0.690112,0.3199,0.1842,3.0,1.0,6.0,6.0,0.0,2.0
809,4.6011,3.8265,0.870816,0.690496,0.3198,0.1953,3.0,1.0,6.0,6.0,0.0,2.0
810,4.3341,3.7152,0.852448,0.69376,0.3376,0.19,3.0,1.0,6.0,6.0,0.0,2.0
811,3.8038,3.8738,0.85312,0.857568,0.3271,0.1913,3.0,1.0,6.0,6.0,0.0,2.0
812,4.2289,3.593,0.848384,0.686912,0.4133,0.1902,3.0,1.0,6.0,6.0,0.0,2.0
813,3.9983,3.4815,0.863328,0.686208,0.3225,0.1875,3.0,1.0,6.0,6.0,0.0,2.0
814,4.023,3.67,0.846752,0.685856,0.3227,0.1868,3.0,1.0,6.0,6.0,0.0,2.0
815,3.9578,3.5006,0.84864,0.681856,0.3325,0.1888,3.0,1.0,6.0,6.0,0.0,2.0
816,3.923,3.843,0.846336,0.690656,0.3315,0.193,3.0,1.0,6.0,6.0,0.0,2.0
817,4.3127,3.6039,0.866016,0.70144,0.3259,0.19,3.0,1.0,6.0,6.0,0.0,2.0
818,4.3728,3.4233,0.846944,0.681696,0.3302,0.1886,3.0,1.0,6.0,6.0,0.0,2.0
819,4.0578,3.8688,0.845952,0.684512,0.3265,0.1898,3.0,1.0,6.0,6.0,0.0,2.0
820,4.231,3.3284,0.843136,0.6792,0.3264,0.196,3.0,1.0,6.0,6.0,0.0,2.0
821,3.8679,3.8295,0.868416,0.68,0.3294,0.1917,3.0,1.0,6.0,6.0,0.0,2.0
822,3.843,3.6311,0.839648,0.683584,0.3294,0.1831,3.0,1.0,6.0,6.0,0.0,2.0
823,3.929,3.8109,0.840448,0.698976,0.3205,0.19,3.0,1.0,6.0,6.0,0.0,2.0
824,4.1209,3.7468,0.83696,0.676928,0.3273,0.1892,3.0,1.0,6.0,6.0,0.0,2.0
825,3.838,3.6375,0.849312,0.673728,0.3286,0.1925,3.0,1.0,6.0,6.0,0.0,2.0
826,3.9985,3.6063,0.839552,0.67472,0.3276,0.1953,3.0,1.0,6.0,6.0,0.0,2.0
827,3.5568,3.9822,0.84704,0.679552,0.3204,0.2045,3.0,1.0,6.0,6.0,0.0,2.0
828,3.8052,3.6399,0.834784,0.678144,0.3257,0.1947,3.0,1.0,6.0,6.0,0.0,2.0
829,4.0139,3.5909,0.845792,0.687808,0.3261,0.1919,3.0,1.0,6.0,6.0,0.0,2.0
830,4.1259,3.3839,0.834944,0.669984,0.3475,0.1934,3.0,1.0,6.0,6.0,0.0,2.0
831,5.1204,3.4963,0.842912,0.67056,0.3624,0.1846,3.0,1.0,6.0,6.0,0.0,2.0
832,4.209,3.7425,0.83376,0.672224,0.3269,0.187,3.0,1.0,6.0,6.0,0.0,2.0
833,4.1114,4.0741,0.85584,0.668928,0.3257,0.1891,3.0,1.0,6.0,6.0,0.0,2.0
834,3.9919,3.7851,0.83568,0.676,0.3255,0.1925,3.0,1.0,6.0,6.0,0.0,2.0
835,3.8334,3.5621,0.8264,0.683392,0.3262,0.1905,3.0,1.0,6.0,6.0,0.0,2.0
836,4.1956,3.4646,0.824992,0.664192,0.3237,0.1886,3.0,1.0,6.0,6.0,0.0,2.0
837,4.3713,3.7483,0.839584,0.66272,0.3262,0.1818,3.0,1.0,6.0,6.0,0.0,2.0
838,3.8759,3.4928,0.82704,0.661792,0.3228,0.1954,3.0,1.0,6.0,6.0,0.0,2.0
839,3.9979,3.7053,0.825216,0.660128,0.3336,0.1899,3.0,1.0,6.0,6.0,0.0,2.0
840,4.2002,3.4617,0.821824,0.66464,0.317,0.1871,3.0,1.0,6.0,6.0,0.0,2.0
841,3.7099,3.4588,0.831744,0.68336,0.3243,0.1814,3.0,1.0,6.0,6.0,0.0,2.0
842,3.9185,3.4984,0.820096,0.65584,0.348,0.18,3.0,1.0,6.0,6.0,0.0,2.0
843,3.9363,3.8095,0.817888,0.6528,0.312,0.1916,3.0,1.0,6.0,6.0,0.0,2.0
844,4.3814,3.7183,0.821152,0.653952,0.3162,0.1836,3.0,1.0,6.0,6.0,0.0,2.0
845,3.9564,4.0114,0.823168,0.651456,0.3359,0.1821,3.0,1.0,6.0,6.0,0.0,2.0
846,4.0865,3.6429,0.810624,0.657888,0.3224,0.1867,3.0,1.0,6.0,6.0,0.0,2.0
847,3.6779,3.7695,0.813216,0.673216,0.3152,0.1876,3.0,1.0,6.0,6.0,0.0,2.0
848,4.1461,3.7678,0.810976,0.647968,0.333,0.1972,3.0,1.0,6.0,6.0,0.0,2.0
849,3.9865,3.7344,0.836512,0.648192,0.3284,0.1836,3.0,1.0,6.0,6.0,0.0,2.0
850,3.8091,3.5287,0.804128,0.644352,0.3229,0.1777,3.0,1.0,6.0,6.0,0.0,2.0
851,4.3722,4.0059,0.805632,0.641984,0.331,0.1858,3.0,1.0,6.0,6.0,0.0,2.0
852,4.4186,3.7495,0.807936,0.646816,0.3205,0.1759,3.0,1.0,6.0,6.0,0.0,2.0
853,3.9374,3.7286,0.813696,0.6584,0.3183,0.1875,3.0,1.0,6.0,6.0,0.0,2.0
854,4.1631,3.4171,0.802464,0.638592,0.3224,0.1752,3.0,1.0,6.0,6.0,0.0,2.0
855,3.9484,3.4565,0.811872,0.636832,0.3128,0.1766,3.0,1.0,6.0,6.0,0.0,2.0
856,4.1062,3.6487,0.796544,0.63632,0.3176,0.1875,3.0,1.0,6.0,6.0,0.0,2.0
857,3.8723,4.0954,0.819936,0.634144,0.3149,0.184,3.0,1.0,6.0,6.0,0.0,2.0
858,4.3271,3.5938,0.795584,0.635392,0.3129,0.1847,3.0,1.0,6.0,6.0,0.0,2.0
859,3.8422,3.6346,0.794464,0.650048,0.3156,0.1934,3.0,1.0,6.0,6.0,0.0,2.0
860,3.7906,3.6879,0.79136,0.630208,0.3145,0.198,3.0,1.0,6.0,6.0,0.0,2.0
861,3.7661,3.4525,0.803296,0.626304,0.3114,0.1814,3.0,1.0,6.0,6.0,0.0,2.0
862,3.7883,3.8959,0.788096,0.627712,0.3089,0.1777,3.0,1.0,6.0,6.0,0.0,2.0
863,4.0892,3.7454,0.788096,0.624256,0.3222,0.183,3.0,1.0,6.0,6.0,0.0,2.0
864,4.2113,4.177,0.787872,0.634336,0.3142,0.1819,3.0,1.0,6.0,6.0,0.0,2.0
865,3.7062,3.7436,0.816032,0.644768,0.3138,0.1997,3.0,1.0,6.0,6.0,0.0,2.0
866,3.7984,3.55,0.789984,0.622144,0.3186,0.1974,3.0,1.0,6.0,6.0,0.0,2.0
867,3.6765,4.0071,0.80928,0.62496,0.3138,0.1944,3.0,1.0,6.0,6.0,0.0,2.0
868,3.7868,3.4831,0.78224,0.620352,0.3169,0.1819,3.0,1.0,6.0,6.0,0.0,2.0
869,4.0447,3.8944,0.793568,0.619552,0.3169,0.1864,3.0,1.0,6.0,6.0,0.0,2.0
870,3.9916,4.1674,0.784096,0.627264,0.3121,0.2191,3.0,1.0,6.0,6.0,0.0,2.0
871,3.9456,3.4284,0.781408,0.63504,0.3146,0.18,3.0,1.0,6.0,6.0,0.0,2.0
872,4.0551,3.8654,0.783072,0.61872,0.3166,0.1793,3.0,1.0,6.0,6.0,0.0,2.0
873,3.6538,3.7612,0.788064,0.61632,0.3124,0.1912,3.0,1.0,6.0,6.0,0.0,2.0
874,3.8412,3.8364,0.778272,0.61632,0.3103,0.1951,3.0,1.0,6.0,6.0,0.0,2.0
875,3.8345,3.9118,0.778976,0.616448,0.3277,0.1915,3.0,1.0,6.0,6.0,0.0,2.0
876,3.5574,3.5491,0.774304,0.618208,0.3103,0.1929,3.0,1.0,6.0,6.0,0.0,2.0
877,3.9233,3.7332,0.787872,0.638592,0.3165,0.1939,3.0,1.0,6.0,6.0,0.0,2.0
878,3.8241,3.6409,0.77472,0.612064,0.307,0.1876,3.0,1.0,6.0,6.0,0.0,2.0
879,4.4326,3.2956,0.775104,0.611744,0.3169,0.1857,3.0,1.0,6.0,6.0,0.0,2.0
880,4.4398,4.0958,0.777568,0.616032,0.3145,0.1806,3.0,1.0,6.0,6.0,0.0,2.0
881,3.8641,4.0366,0.783936,0.611264,0.3241,0.1897,3.0,1.0,6.0,6.0,0.0,2.0
882,4.1793,3.4998,0.770368,0.613888,0.3186,0.2007,3.0,1.0,6.0,6.0,0.0,2.0
883,3.7584,4.2119,0.78496,0.635392,0.3223,0.1886,3.0,1.0,6.0,6.0,0.0,2.0
884,3.619,3.5297,0.767104,0.60944,0.3218,0.1862,3.0,1.0,6.0,6.0,0.0,2.0
885,3.834,3.448,0.783968,0.607392,0.3246,0.1806,3.0,1.0,6.0,6.0,0.0,2.0
886,4.1088,4.1238,0.768352,0.605344,0.3217,0.201,3.0,1.0,6.0,6.0,0.0,2.0
887,3.7402,3.4218,0.766304,0.606176,0.3254,0.1821,3.0,1.0,6.0,6.0,0.0,2.0
888,3.7151,3.6307,0.90352,0.608288,0.3154,0.1867,3.0,1.0,6.0,6.0,0.0,2.0
889,3.698,3.6618,0.777536,0.629568,0.3176,0.1866,3.0,1.0,6.0,6.0,0.0,2.0
890,3.9541,3.5194,0.766624,0.602944,0.3177,0.1915,3.0,1.0,6.0,6.0,0.0,2.0
891,3.6394,3.7529,0.76352,0.603008,0.3201,0.1879,3.0,1.0,6.0,6.0,0.0,2.0
892,3.8434,3.5745,0.763232,0.599072,0.3324,0.1877,3.0,1.0,6.0,6.0,0.0,2.0
893,3.5456,3.6937,0.769792,0.598848,0.3247,0.1889,3.0,1.0,6.0,6.0,0.0,2.0
894,3.7893,3.6665,0.75632,0.601184,0.3104,0.1962,3.0,1.0,6.0,6.0,0.0,2.0
895,3.7301,4.0494,0.760896,0.620192,0.3215,0.1948,3.0,1.0,6.0,6.0,0.0,2.0
896,3.714,3.6211,0.754432,0.599104,0.3147,0.1903,3.0,1.0,6.0,6.0,0.0,2.0
897,3.7296,3.438,0.767744,0.59328,0.3321,0.1791,3.0,1.0,6.0,6.0,0.0,2.0
898,4.299,3.6511,0.760832,0.594944,0.3292,0.1895,3.0,1.0,6.0,6.0,0.0,2.0
899,3.8957,3.555,0.753856,0.593696,0.3184,0.1783,3.0,1.0,6.0,6.0,0.0,2.0
900,3.9148,4.2579,0.756224,0.596672,0.3186,0.2268,3.0,1.0,6.0,6.0,0.0,2.0
901,3.8569,3.4857,0.781504,0.61888,0.322,0.1749,3.0,1.0,6.0,6.0,0.0,2.0
902,4.1483,3.2453,0.754848,0.59072,0.3276,0.1776,3.0,1.0,6.0,6.0,0.0,2.0
903,3.5984,3.7596,0.751552,0.59264,0.3168,0.1769,3.0,1.0,6.0,6.0,0.0,2.0
904,4.0768,3.48,0.7528,0.587008,0.3163,0.1895,3.0,1.0,6.0,6.0,0.0,2.0
905,3.7512,4.3114,0.75856,0.58752,0.3178,0.2215,3.0,1.0,6.0,6.0,0.0,2.0
906,3.5207,3.7966,0.728064,0.570528,0.3172,0.1777,3.0,1.0,6.0,6.0,0.0,2.0
907,3.8779,3.2735,0.726656,0.574624,0.3117,0.1793,3.0,1.0,6.0,6.0,0.0,2.0
908,3.89,3.6924,0.713888,0.550496,0.3126,0.1756,3.0,1.0,6.0,6.0,0.0,2.0
909,3.9062,3.709,0.734848,0.53968,0.3155,0.187,3.0,1.0,6.0,6.0,0.0,2.0
910,3.8219,3.5133,0.703584,0.53696,0.3255,0.2082,3.0,1.0,6.0,6.0,0.0,2.0
911,4.3777,3.7708,0.740736,0.543648,0.3236,0.1855,3.0,1.0,6.0,6.0,0.0,2.0
912,3.7583,3.7541,0.71264,0.554016,0.3281,0.1826,3.0,1.0,6.0,6.0,0.0,2.0
913,3.9134,3.7865,0.734048,0.582048,0.3247,0.1964,3.0,1.0,6.0,6.0,0.0,2.0
914,3.675,3.7072,0.736384,0.575232,0.3161,0.1871,3.0,1.0,6.0,6.0,0.0,2.0
915,3.523,4.3305,0.737984,0.573888,0.3254,0.1958,3.0,1.0,6.0,6.0,0.0,2.0
916,4.0885,3.6099,0.734656,0.572704,0.322,0.1987,3.0,1.0,6.0,6.0,0.0,2.0
917,3.5107,4.066,0.744576,0.571904,0.309,0.1895,3.0,1.0,6.0,6.0,0.0,2.0
918,3.7656,3.8773,0.734432,0.576896,0.323,0.1859,3.0,1.0,6.0,6.0,0.0,2.0
919,3.7612,3.5473,0.738048,0.592864,0.3141,0.1942,3.0,1.0,6.0,6.0,0.0,2.0
920,3.5521,3.7325,0.729184,0.569472,0.3187,0.1856,3.0,1.0,6.0,6.0,0.0,2.0
921,3.7463,3.6666,0.734176,0.565568,0.4108,0.1825,3.0,1.0,6.0,6.0,0.0,2.0
922,3.6382,3.4622,0.724544,0.565376,0.3107,0.1861,3.0,1.0,6.0,6.0,0.0,2.0
923,3.5313,3.7797,0.72976,0.566016,0.3199,0.3273,3.0,1.0,6.0,6.0,0.0,2.0
924,3.9262,3.3584,0.722816,0.565632,0.3095,0.176,3.0,1.0,6.0,6.0,0.0,2.0
925,3.6069,3.396,0.734496,0.589888,0.325,0.1868,3.0,1.0,6.0,6.0,0.0,2.0
926,3.8498,3.3589,0.725344,0.561664,0.3308,0.176,3.0,1.0,6.0,6.0,0.0,2.0
927,3.631,3.3048,0.730784,0.559552,0.3151,0.182,3.0,1.0,6.0,6.0,0.0,2.0
928,3.9858,3.7671,0.723328,0.560576,0.3152,0.1769,3.0,1.0,6.0,6.0,0.0,2.0
929,3.603,3.6398,0.732704,0.557952,0.3124,0.183,3.0,1.0,6.0,6.0,0.0,2.0
930,3.591,3.9199,0.717088,0.5624,0.3131,0.197,3.0,1.0,6.0,6.0,0.0,2.0
931,3.6262,3.5125,0.72128,0.578944,0.3106,0.1772,3.0,1.0,6.0,6.0,0.0,2.0
932,3.9933,3.3067,0.715552,0.555552,0.3197,0.1811,3.0,1.0,6.0,6.0,0.0,2.0
933,3.7897,3.7994,0.725952,0.550816,0.321,0.1772,3.0,1.0,6.0,6.0,0.0,2.0
934,3.951,3.4472,0.714336,0.550496,0.3204,0.1918,3.0,1.0,6.0,6.0,0.0,2.0
935,3.9828,4.2247,0.725056,0.548992,0.3166,0.1882,3.0,1.0,6.0,6.0,0.0,2.0
936,4.2977,3.7588,0.714912,0.554912,0.3813,0.1858,3.0,1.0,6.0,6.0,0.0,2.0
937,3.6889,3.588,0.724032,0.577152,0.3135,0.1892,3.0,1.0,6.0,6.0,0.0,2.0
938,3.7928,3.9009,0.710528,0.550464,0.3124,0.1802,3.0,1.0,6.0,6.0,0.0,2.0
939,3.899,3.4695,0.713824,0.547232,0.3127,0.1872,3.0,1.0,6.0,6.0,0.0,2.0
940,4.0151,3.505,0.708864,0.544192,0.3323,0.1883,3.0,1.0,6.0,6.0,0.0,2.0
941,3.5561,3.8594,0.71968,0.544864,0.3191,0.1906,3.0,1.0,6.0,6.0,0.0,2.0
942,3.9802,3.3911,0.881568,0.548576,0.3635,0.1801,3.0,1.0,6.0,6.0,0.0,2.0
943,3.7254,3.7943,0.711616,0.565856,0.32,0.1932,3.0,1.0,6.0,6.0,0.0,2.0
944,3.8259,3.6308,0.70928,0.542496,0.3246,0.1791,3.0,1.0,6.0,6.0,0.0,2.0
945,3.8696,3.2795,0.835648,0.541248,0.3115,0.183,3.0,1.0,6.0,6.0,0.0,2.0
946,3.7184,3.683,0.702912,0.541248,0.3243,0.1799,3.0,1.0,6.0,6.0,0.0,2.0
947,3.8478,3.9158,0.70448,0.53856,0.315,0.1808,3.0,1.0,6.0,6.0,0.0,2.0
948,4.1243,3.5558,0.70352,0.544832,0.3179,0.1932,3.0,1.0,6.0,6.0,0.0,2.0
949,3.5521,3.6822,0.71184,0.568896,0.3139,0.1811,3.0,1.0,6.0,6.0,0.0,2.0
950,3.9042,3.5515,0.702176,0.540448,0.3203,0.1857,3.0,1.0,6.0,6.0,0.0,2.0
951,3.8863,3.6335,0.712096,0.53536,0.3123,0.1921,3.0,1.0,6.0,6.0,0.0,2.0
952,3.7661,3.2375,0.695488,0.534848,0.3171,0.1881,3.0,1.0,6.0,6.0,0.0,2.0
953,3.7698,3.7752,0.706464,0.532096,0.3203,0.183,3.0,1.0,6.0,6.0,0.0,2.0
954,3.9102,3.6329,0.697952,0.539584,0.3154,0.182,3.0,1.0,6.0,6.0,0.0,2.0
955,3.5502,3.2883,0.695808,0.551136,0.3154,0.1847,3.0,1.0,6.0,6.0,0.0,2.0
956,4.0851,3.7889,0.696768,0.53248,0.3138,0.1798,3.0,1.0,6.0,6.0,0.0,2.0
957,3.7392,3.3341,0.701248,0.5312,0.3156,0.1864,3.0,1.0,6.0,6.0,0.0,2.0
958,4.0514,3.3526,0.695104,0.530944,0.309,0.1789,3.0,1.0,6.0,6.0,0.0,2.0
959,3.6429,3.7386,0.699552,0.528224,0.3085,0.1832,3.0,1.0,6.0,6.0,0.0,2.0
960,3.6676,3.4517,0.68928,0.533472,0.3122,0.1799,3.0,1.0,6.0,6.0,0.0,2.0
961,3.4463,3.4695,0.704,0.552768,0.3146,0.1805,3.0,1.0,6.0,6.0,0.0,2.0
962,3.8505,3.2521,0.68704,0.5272,0.3074,0.1777,3.0,1.0,6.0,6.0,0.0,2.0
963,3.5974,3.676,0.691232,0.526624,0.3118,0.172,3.0,1.0,6.0,6.0,0.0,2.0
964,3.9099,3.305,0.68768,0.52688,0.3101,0.176,3.0,1.0,6.0,6.0,0.0,2.0
965,3.8516,4.1346,0.700832,0.523456,0.3133,0.1865,3.0,1.0,6.0,6.0,0.0,2.0
966,3.6835,3.6914,0.686848,0.529824,0.317,0.1769,3.0,1.0,6.0,6.0,0.0,2.0
967,3.5211,3.254,0.690144,0.54992,0.3156,0.1779,3.0,1.0,6.0,6.0,0.0,2.0
968,3.4493,3.8262,0.68368,0.524352,0.3141,0.1806,3.0,1.0,6.0,6.0,0.0,2.0
969,3.9409,3.5474,0.71856,0.521696,0.3089,0.1835,3.0,1.0,6.0,6.0,0.0,2.0
970,3.6224,3.6093,0.687104,0.5216,0.3137,0.1765,3.0,1.0,6.0,6.0,0.0,2.0
971,3.6684,3.8947,0.687808,0.519808,0.3069,0.17,3.0,1.0,6.0,6.0,0.0,2.0
972,3.7894,3.4839,0.68448,0.527936,0.3057,0.1824,3.0,1.0,6.0,6.0,0.0,2.0
973,3.7728,3.574,0.69584,0.546688,0.3102,0.1842,3.0,1.0,6.0,6.0,0.0,2.0
974,3.6054,3.5896,0.682752,0.51808,0.3115,0.1783,3.0,1.0,6.0,6.0,0.0,2.0
975,3.5979,3.3692,0.678976,0.518592,0.3202,0.1818,3.0,1.0,6.0,6.0,0.0,2.0
976,3.7163,3.3957,0.679936,0.517728,0.3163,0.1759,3.0,1.0,6.0,6.0,0.0,2.0
977,3.8633,3.7305,0.69104,0.516928,0.3862,0.1803,3.0,1.0,6.0,6.0,0.0,2.0
978,3.827,3.5799,0.679424,0.523104,0.3107,0.1846,3.0,1.0,6.0,6.0,0.0,2.0
979,3.6538,3.6791,0.677792,0.542816,0.3066,0.2012,3.0,1.0,6.0,6.0,0.0,2.0
980,4.0229,3.4297,0.67904,0.517856,0.3104,0.1855,3.0,1.0,6.0,6.0,0.0,2.0
981,3.8772,3.9106,0.6832,0.513728,0.3179,0.2305,3.0,1.0,6.0,6.0,0.0,2.0
982,3.7376,3.6846,0.675648,0.516096,0.3107,0.1924,3.0,1.0,6.0,6.0,0.0,2.0
983,3.9392,3.8485,0.677184,0.513824,0.3152,0.177,3.0,1.0,6.0,6.0,0.0,2.0
984,4.0898,3.6088,0.67616,0.52,0.3177,0.1795,3.0,1.0,6.0,6.0,0.0,2.0
985,3.4192,3.8137,0.686112,0.542688,0.3093,0.1825,3.0,1.0,6.0,6.0,0.0,2.0
986,3.6905,3.3665,0.676704,0.51216,0.3086,0.1676,3.0,1.0,6.0,6.0,0.0,2.0
987,3.9651,3.1429,0.679136,0.510944,0.3073,0.1726,3.0,1.0,6.0,6.0,0.0,2.0
988,3.6635,3.8897,0.67168,0.511328,0.3471,0.1693,3.0,1.0,6.0,6.0,0.0,2.0
989,3.4585,3.7639,0.684704,0.510016,0.3036,0.2525,3.0,1.0,6.0,6.0,0.0,2.0
990,3.7624,3.5003,0.6744,0.516384,0.3035,0.1828,3.0,1.0,6.0,6.0,0.0,2.0
991,3.4868,3.3381,0.675904,0.532192,0.3086,0.1717,3.0,1.0,6.0,6.0,0.0,2.0
992,3.6368,3.3518,0.67008,0.511552,0.3127,0.1748,3.0,1.0,6.0,6.0,0.0,2.0
993,3.7161,3.5727,0.68464,0.50976,0.3077,0.2007,3.0,1.0,6.0,6.0,0.0,2.0
994,3.6441,3.3959,0.679424,0.512096,0.3097,0.1838,3.0,1.0,6.0,6.0,0.0,2.0
995,3.5564,3.9496,0.671712,0.510624,0.3097,0.1724,3.0,1.0,6.0,6.0,0.0,2.0
996,3.8741,3.3644,0.668256,0.51904,0.3107,0.1756,3.0,1.0,6.0,6.0,0.0,2.0
997,3.6829,3.8343,0.67824,0.534368,0.3136,0.1676,3.0,1.0,6.0,6.0,0.0,2.0
998,3.5469,3.4884,0.670016,0.508064,0.3089,0.2327,3.0,1.0,6.0,6.0,0.0,2.0
999,3.7048,3.7253,0.67184,0.508672,0.3117,0.1738,3.0,1.0,6.0,6.0,0.0,2.0
