timingDomain,scene,condition,metric,pairCount,controlMedianOfProcessMedians,candidateMedianOfProcessMedians,pairedMedianDeltaMilliseconds,pairedMedianDeltaPercent,controlMedianOfProcessP95,candidateMedianOfProcessP95,pairedP95DeltaMilliseconds,pairedP95DeltaPercent
cpu,san-miguel,ssao-off,CPU Frame,3,5.263,5.0488,-0.2090500000000004,-3.9869549047841626,5.892445,5.779235,-0.17091499999999993,-2.902815177894343
cpu,san-miguel,ssao-off,Deferred Lighting,3,0.0126,0.0127,9.99999999999994e-05,0.7936507936507888,0.0171,0.0183,0.001400000000000002,8.284023668639065
cpu,san-miguel,ssao-off,Deferred Pass,3,1.3256,1.3463,-0.015700000000000047,-1.152716593245231,1.676085,1.767025,0.06397000000000008,3.7561910801471523
cpu,san-miguel,ssao-off,Depth/Stencil Copy,3,0.0006,0.0007,0.0,0.0,0.0011,0.0012,9.999999999999983e-05,9.090909090909074
cpu,san-miguel,ssao-off,G-Buffer Geometry,3,0.8341,0.85175,-0.0040000000000000036,-0.4674262342974004,1.108825,1.19113,0.06952000000000003,6.198232897352915
cpu,san-miguel,ssao-on,CPU Frame,3,7.76525,8.1612,0.39594999999999914,5.098998744406157,8.602015,8.945935,0.3583850000000002,4.182816820202546
cpu,san-miguel,ssao-on,Deferred Lighting,3,0.0118,0.0121,0.00040000000000000105,3.3898305084745854,0.0149,0.0154,0.0005000000000000004,3.3557046979865803
cpu,san-miguel,ssao-on,Deferred Pass,3,1.3881,1.38795,-0.016799999999999926,-1.1959423384943888,1.773625,1.770815,-0.02222499999999994,-1.2395150136081705
cpu,san-miguel,ssao-on,Depth/Stencil Copy,3,0.0007,0.0006,-0.00010000000000000005,-14.285714285714294,0.0011,0.001,-0.00010000000000000005,-9.090909090909095
cpu,san-miguel,ssao-on,G-Buffer Geometry,3,0.84955,0.85405,0.0016999999999999238,0.2001059384379876,1.154435,1.15459,0.005889999999999951,0.5102062913892901
cpu,san-miguel,ssao-on,SSAO Generate,3,0.0078,0.0077,0.0002999999999999999,4.109589041095889,0.0096,0.0095,0.0003949999999999995,4.435710275126328
cpu,sponza,ssao-off,CPU Frame,3,2.1991,2.09525,-0.10420000000000007,-4.754734200319419,2.574835,2.549375,-0.03810499999999983,-1.4846315986332208
cpu,sponza,ssao-off,Deferred Lighting,3,0.0095,0.0096,-9.99999999999994e-05,-1.030927835051558,0.012205,0.012905,0.0001999999999999988,1.639344262295072
cpu,sponza,ssao-off,Deferred Pass,3,0.20845,0.21015,0.0024500000000000077,1.1878787878787918,0.290015,0.29513,0.006589999999999985,2.2722962605382424
cpu,sponza,ssao-off,Depth/Stencil Copy,3,0.0004,0.0004,0.0,0.0,0.0006,0.0007,0.00010000000000000005,16.66666666666668
cpu,sponza,ssao-off,G-Buffer Geometry,3,0.0963,0.0981,0.0032999999999999974,3.495762711864404,0.13751,0.14252,0.0050100000000000144,3.643371391171562
cpu,sponza,ssao-on,CPU Frame,3,4.4901,5.177,0.6868999999999996,15.298100265027498,4.997015,5.670655,0.6703900000000003,13.337362405355988
cpu,sponza,ssao-on,Deferred Lighting,3,0.0104,0.0109,0.0002999999999999999,2.884615384615384,0.013805,0.015905,0.0020999999999999994,15.211879753712418
cpu,sponza,ssao-on,Deferred Pass,3,0.2533,0.26635,0.017349999999999977,6.675644478645624,0.386345,0.39264,0.011385000000000034,3.0852404373806035
cpu,sponza,ssao-on,Depth/Stencil Copy,3,0.0005,0.0005,0.0,0.0,0.0009,0.0009,9.999999999999994e-05,11.111111111111118
cpu,sponza,ssao-on,G-Buffer Geometry,3,0.10995,0.121,0.010950000000000001,9.900542495479206,0.189505,0.200305,0.008900000000000019,4.649826284579828
cpu,sponza,ssao-on,SSAO Generate,3,0.0064,0.007,0.0005999999999999998,9.374999999999996,0.0087,0.0097,0.0011000000000000003,12.790697674418608
gpu,san-miguel,ssao-off,Deferred Lighting,3,0.164352,0.162496,-0.0018559999999999965,-1.129283489096571,0.301248,0.165984,-0.135582,-44.97245042070297
gpu,san-miguel,ssao-off,Deferred Pass,3,2.6636,2.474288,-0.19041600000000036,-7.145172910662838,2.946739,2.708856,-0.23788300000000007,-8.072754322659728
gpu,san-miguel,ssao-off,Depth/Stencil Copy,3,0.050208,0.056816,0.006607999999999996,13.161249203314204,0.165002,0.42396,0.258644,156.75203936921974
gpu,san-miguel,ssao-off,G-Buffer Geometry,3,2.414976,2.10816,-0.3069599999999997,-12.710685323580844,2.674787,2.43221,-0.23908999999999958,-8.967212235524608
gpu,san-miguel,ssao-off,GPU Frame,3,2.791424,2.600576,-0.19134399999999996,-6.853491504054555,3.072235,2.844192,-0.23266700000000018,-7.596406752390585
gpu,san-miguel,ssao-on,Deferred Lighting,3,0.171776,0.16736,-0.0045439999999999925,-2.6433358153387894,0.177171,0.171552,-0.005569000000000018,-3.1469855280482464
gpu,san-miguel,ssao-on,Deferred Pass,3,5.621392,5.946224,0.3248319999999998,5.778497567862192,5.950014,6.332341,0.3747400000000001,6.298136441359634
gpu,san-miguel,ssao-on,Depth/Stencil Copy,3,0.059744,0.049536,-0.010208000000000002,-17.086234600964115,0.062144,0.057477,-0.004577999999999999,-7.377921031426267
gpu,san-miguel,ssao-on,G-Buffer Geometry,3,2.417712,2.206336,-0.21089599999999997,-8.724690058711783,2.656117,2.471533,-0.1914699999999998,-7.190003165599131
gpu,san-miguel,ssao-on,GPU Frame,3,5.71224,6.038304,0.3251519999999992,5.692197806814826,6.038946,6.42764,0.3819150000000002,6.324199620264864
gpu,san-miguel,ssao-on,SSAO Generate,3,2.87368,3.392944,0.5210879999999998,18.138136466134032,3.177904,3.786283,0.6080130000000001,19.13251627487804
gpu,sponza,ssao-off,Deferred Lighting,3,0.137568,0.130336,-0.0072319999999999884,-5.25703652012095,0.273536,0.131552,-0.141984,-51.90687880205896
gpu,sponza,ssao-off,Deferred Pass,3,0.661888,0.556448,-0.10540800000000006,-15.925352929800821,0.799048,0.691616,-0.10765400000000003,-13.47278261130746
gpu,sponza,ssao-off,Depth/Stencil Copy,3,0.049408,0.048512,-0.000896000000000001,-1.8134715025906756,0.050208,0.049699,-0.0005420000000000008,-1.0795092415551322
gpu,sponza,ssao-off,G-Buffer Geometry,3,0.449008,0.351648,-0.097296,-21.669101664112887,0.45216,0.354178,-0.09775800000000001,-21.620222929936308
gpu,sponza,ssao-off,GPU Frame,3,0.78768,0.682368,-0.10547200000000001,-13.38748984565394,0.927234,0.822754,-0.10390299999999997,-11.216919678810239
gpu,sponza,ssao-on,Deferred Lighting,3,0.144736,0.137952,-0.006784000000000012,-4.687154543444625,0.147107,0.140704,-0.006754999999999983,-4.591895694970317
gpu,sponza,ssao-on,Deferred Pass,3,3.065776,3.773088,0.7035999999999998,22.9501437808894,3.397325,4.140008,0.7480640000000003,21.982137221448742
gpu,sponza,ssao-on,Depth/Stencil Copy,3,0.055968,0.049312,-0.006655999999999995,-11.892510005717545,0.057888,0.055392,-0.002496000000000005,-4.311774461028201
gpu,sponza,ssao-on,G-Buffer Geometry,3,0.450336,0.357792,-0.09251200000000004,-20.542883535848798,0.454144,0.359872,-0.09427200000000002,-20.762562548453033
gpu,sponza,ssao-on,GPU Frame,3,3.151344,3.858144,0.7031520000000002,22.312765600962642,3.484624,4.225214,0.7472799999999999,21.418938769660706
gpu,sponza,ssao-on,SSAO Generate,3,2.381248,3.201152,0.8176000000000001,34.334936974225286,2.686474,3.560752,0.8765839999999998,32.5352657392128
